시도,시군구,사고년도,횡단중,차도통행중,길가장자리구역통행중,보도통행중,충돌,추돌,공작물충돌,도로이탈,전도전복,횡단중,차도통행중,길가장자리구역통행중,보도통행중,충돌,추돌,공작물충돌,도로이탈,전도전복,횡단중,차도통행중,길가장자리구역통행중,보도통행중,충돌,추돌,기타,공작물충돌,도로이탈,전도전복,횡단중,차도통행중,길가장자리구역통행중,보도통행중,충돌,추돌,공작물충돌,도로이탈,전도전복,횡단중,차도통행중,길가장자리구역통행중,보도통행중,충돌,추돌,공작물충돌,도로이탈,전도전복
서울,종로구,사고[건],98,62,23,16,529,166,14,1,5,69,30,14,19,381,122,7,-,3,66,23,6,17,318,118,124,6,-,5,76,36,24,33,389,131,10,-,9,84,47,14,22,379,150,10,2,6
서울,종로구,사망[명],1,1,0,0,0,1,0,0,0,0,0,0,1,1,1,1,-,0,3,0,0,0,1,0,0,0,-,1,1,0,0,0,1,0,1,-,0,3,0,0,0,2,0,0,0,0
서울,종로구,부상[명],104,62,24,21,813,256,20,1,6,75,30,17,19,576,200,8,-,3,65,25,6,18,475,185,161,9,-,4,81,36,26,37,574,237,22,-,9,99,47,14,22,576,217,10,2,6
서울,마포구,사고[건],110,32,7,19,502,228,9,-,2,73,28,6,16,465,194,6,-,5,69,28,12,20,391,198,265,5,-,2,74,26,13,23,336,224,4,-,2,73,27,14,33,393,238,5,-,3
서울,마포구,사망[명],2,1,0,0,2,0,0,-,0,2,2,1,1,2,0,2,-,0,2,1,0,0,6,0,2,0,-,0,5,1,0,0,1,0,0,-,1,2,1,0,0,3,2,1,-,0
서울,마포구,부상[명],119,33,7,20,735,417,14,-,3,76,27,5,16,662,362,5,-,5,71,29,12,21,562,367,389,5,-,2,74,28,13,24,515,384,5,-,1,77,27,14,34,575,387,4,-,3
서울,강서구,사고[건],154,54,29,39,687,232,8,-,3,105,46,10,36,543,218,8,1,7,120,29,23,24,398,224,499,4,-,1,123,26,20,30,493,262,6,-,4,102,29,14,20,485,235,8,1,2
서울,강서구,사망[명],6,3,0,0,4,0,0,-,0,3,2,0,0,4,2,0,0,0,3,0,0,1,2,0,4,0,-,0,3,0,1,0,2,0,1,-,1,2,0,0,0,1,2,0,1,0
서울,강서구,부상[명],162,52,29,39,"1,005",416,10,-,3,111,46,10,37,820,352,11,2,7,126,31,23,27,606,344,689,5,-,1,125,27,22,31,703,403,7,-,3,105,32,15,22,748,393,8,0,2
서울,구로구,사고[건],164,31,23,22,444,230,10,-,7,97,34,19,41,480,215,13,-,6,66,28,18,32,526,189,327,7,-,2,83,17,22,36,443,146,10,-,2,120,24,19,20,486,186,3,-,-
서울,구로구,사망[명],6,0,0,0,2,0,1,-,0,1,1,0,0,4,0,1,-,2,0,0,2,0,4,0,0,1,-,0,1,1,0,0,4,0,2,-,0,1,0,0,0,2,0,1,-,-
서울,구로구,부상[명],169,31,23,23,670,402,13,-,7,111,33,19,42,686,347,12,-,4,68,29,19,34,693,292,419,10,-,3,87,16,22,40,639,231,10,-,3,125,25,19,20,712,319,3,-,-
서울,영등포구,사고[건],216,52,22,50,955,345,10,-,3,135,15,15,28,946,346,13,1,9,123,26,18,22,871,330,589,6,-,11,115,51,33,38,771,322,14,-,8,127,60,26,30,808,321,18,-,6
서울,영등포구,사망[명],2,0,0,0,1,1,1,-,0,3,0,0,0,1,0,0,0,0,6,0,1,0,2,4,0,0,-,0,3,1,0,0,5,1,3,-,2,1,0,0,0,0,1,2,-,0
서울,영등포구,부상[명],229,55,22,53,"1,398",655,16,-,3,144,16,15,29,"1,426",592,14,1,9,126,27,17,22,"1,254",537,773,7,-,11,117,52,33,41,"1,105",518,18,-,7,134,60,28,32,"1,118",592,26,-,6
서울,동작구,사고[건],136,74,29,28,550,255,5,-,-,95,27,24,24,541,208,11,-,5,80,22,9,23,439,161,229,7,-,2,68,32,19,22,450,164,12,-,2,83,41,10,31,415,178,5,-,2
서울,동작구,사망[명],2,0,0,0,1,1,0,-,-,5,0,1,0,1,0,0,-,0,2,2,0,0,1,2,0,0,-,0,1,4,0,0,1,0,1,-,0,3,0,0,0,1,0,0,-,0
서울,동작구,부상[명],145,80,31,28,881,463,8,-,-,96,27,25,25,816,376,11,-,6,81,22,9,25,633,247,314,7,-,2,70,28,19,24,665,257,14,-,2,95,43,10,31,621,275,6,-,2
서울,관악구,사고[건],120,47,25,14,494,190,5,-,3,102,36,26,19,479,233,6,1,5,90,34,13,18,463,181,420,7,-,4,73,41,14,22,423,144,4,-,3,57,28,23,24,291,130,-,-,2
서울,관악구,사망[명],2,2,0,0,4,0,0,-,0,3,0,0,1,0,1,2,0,0,2,1,0,0,2,1,0,0,-,0,5,0,0,0,1,0,0,-,0,0,1,0,0,2,1,-,-,0
서울,관악구,부상[명],126,46,25,15,684,297,6,-,3,108,40,26,19,652,331,5,1,6,96,33,13,20,644,267,540,12,-,5,73,42,14,23,604,231,4,-,3,62,29,25,24,399,203,-,-,2
서울,강남구,사고[건],213,49,96,66,"1,087",562,13,-,2,154,32,94,65,930,666,8,1,9,128,45,70,58,"1,059",653,"1,391",11,1,8,152,40,70,61,985,670,8,-,4,186,78,69,85,"1,132",671,13,-,-
서울,강남구,사망[명],1,2,0,1,2,1,1,-,0,4,2,1,0,3,1,0,0,0,2,0,0,0,0,1,1,2,0,0,4,0,0,0,3,1,0,-,0,2,1,0,0,0,1,0,-,-
서울,강남구,부상[명],225,52,99,66,"1,575",969,17,-,2,166,32,95,67,"1,389","1,060",13,1,9,138,46,72,61,"1,494",982,"1,951",11,1,8,155,40,70,63,"1,436","1,038",12,-,8,194,79,71,100,"1,591","1,038",18,-,-
서울,강동구,사고[건],184,35,17,37,513,220,7,1,-,109,44,36,27,485,204,7,-,-,73,24,14,14,402,176,210,1,1,-,91,15,9,27,445,173,2,1,-,81,26,12,31,423,190,6,-,-
서울,강동구,사망[명],5,0,0,0,1,1,0,0,-,2,0,0,0,2,1,0,-,-,4,1,0,0,1,1,0,0,0,-,1,0,0,0,1,0,2,0,-,0,0,0,0,2,1,1,-,-
서울,강동구,부상[명],193,37,18,38,750,386,10,1,-,112,45,38,28,612,346,7,-,-,69,23,15,14,584,301,267,1,1,-,91,15,9,27,618,306,1,1,-,85,29,13,32,595,268,8,-,-
서울,송파구,사고[건],198,65,25,35,"1,356",473,19,1,11,134,45,36,42,"1,254",391,13,-,14,133,50,37,52,"1,126",424,531,11,-,9,162,58,30,59,903,422,9,-,8,126,80,38,61,824,449,14,-,3
서울,송파구,사망[명],1,2,0,0,5,1,1,0,0,2,0,0,0,2,1,1,-,0,1,0,1,0,4,3,3,1,-,0,2,1,0,0,1,0,1,-,2,2,0,0,0,3,1,0,-,0
서울,송파구,부상[명],211,67,26,38,"1,976",813,49,1,13,146,49,38,43,"1,781",629,13,-,15,142,50,37,56,"1,586",695,672,11,-,9,176,60,31,63,"1,343",716,9,-,6,137,81,48,65,"1,209",725,16,-,4
서울,서초구,사고[건],154,44,21,32,941,420,24,2,7,104,47,19,40,798,404,4,1,7,99,39,14,45,759,365,570,10,1,3,120,62,27,29,808,424,9,-,1,100,52,32,43,807,435,8,-,3
서울,서초구,사망[명],2,1,0,1,2,1,0,0,0,1,1,0,1,0,2,0,0,0,1,0,0,0,2,0,1,0,0,0,2,1,0,0,1,0,0,-,0,1,1,0,0,1,1,0,-,0
서울,서초구,부상[명],157,43,22,33,"1,456",730,33,3,7,114,47,19,40,"1,130",724,6,1,8,102,41,14,45,"1,075",614,806,11,1,3,125,65,28,30,"1,264",738,14,-,1,107,51,34,46,"1,209",880,11,-,5
서울,중구,사고[건],108,41,12,18,573,146,5,-,3,90,27,7,17,417,125,6,-,7,58,18,14,13,378,113,164,5,-,3,62,19,8,23,364,111,3,-,2,73,23,7,14,360,130,4,-,4
서울,중구,사망[명],3,0,0,0,1,0,0,-,0,0,1,0,0,1,0,1,-,0,2,0,0,0,0,0,0,0,-,1,0,1,0,0,0,0,0,-,0,2,1,0,0,0,0,0,-,0
서울,중구,부상[명],111,44,12,24,845,255,5,-,3,97,28,7,17,591,195,5,-,7,61,18,14,16,554,176,218,5,-,2,66,19,8,24,499,170,3,-,2,75,23,7,14,492,202,4,-,4
서울,양천구,사고[건],131,15,16,23,454,210,5,-,2,102,16,7,14,295,177,4,-,-,93,19,8,31,449,188,355,2,-,3,75,13,7,14,324,149,7,-,2,92,30,12,28,361,178,5,1,1
서울,양천구,사망[명],3,2,0,0,1,2,1,-,0,3,0,0,1,0,0,1,-,-,4,0,0,0,2,1,3,0,-,0,3,1,0,0,0,0,0,-,0,0,0,0,0,1,0,0,0,0
서울,양천구,부상[명],137,13,20,24,658,401,4,-,3,105,18,7,15,428,295,3,-,-,94,20,9,33,649,283,442,3,-,3,75,12,8,14,470,230,7,-,2,94,30,12,28,507,290,6,1,1
서울,중랑구,사고[건],209,35,32,28,510,213,19,-,8,117,19,29,13,451,163,17,-,11,124,25,15,26,458,171,371,4,-,8,117,18,27,25,494,190,6,2,5,95,28,19,28,434,176,10,-,2
서울,중랑구,사망[명],6,1,0,0,3,0,1,-,0,2,0,0,0,0,0,0,-,0,3,1,0,0,0,0,0,1,-,0,4,0,0,0,1,1,0,1,0,2,0,0,0,3,1,0,-,0
서울,중랑구,부상[명],216,36,33,28,742,354,20,-,9,124,20,31,13,685,265,23,-,13,132,24,16,28,697,266,469,5,-,9,118,19,27,25,746,315,7,1,5,109,29,20,31,606,310,13,-,2
서울,노원구,사고[건],180,59,18,32,666,275,9,-,4,122,47,8,29,614,241,11,1,4,127,35,9,23,617,221,240,17,-,2,114,35,9,28,494,228,13,-,2,100,34,14,38,501,218,8,-,2
서울,노원구,사망[명],3,1,0,0,0,2,0,-,0,2,1,0,0,2,0,0,0,0,1,1,0,0,0,0,0,5,-,0,1,1,0,0,1,0,2,-,0,4,1,0,0,1,1,1,-,0
서울,노원구,부상[명],196,62,19,34,939,458,16,-,4,124,47,9,35,910,385,19,1,4,139,40,9,23,905,384,299,15,-,2,122,35,10,28,730,403,16,-,5,100,34,15,41,704,398,11,-,2
서울,광진구,사고[건],74,22,18,11,417,159,7,-,8,53,20,6,14,334,144,9,-,3,37,20,20,17,373,136,184,3,-,2,46,9,7,11,249,120,2,-,-,23,13,7,22,204,86,2,-,1
서울,광진구,사망[명],1,0,0,0,0,0,0,-,0,2,0,0,0,1,0,0,-,0,1,0,0,0,1,0,0,1,-,0,3,1,0,0,0,1,0,-,-,1,0,0,0,0,0,0,-,0
서울,광진구,부상[명],77,23,18,11,600,279,10,-,8,54,20,6,15,457,241,9,-,3,37,20,20,17,527,210,247,2,-,2,45,8,7,13,386,183,3,-,-,23,13,7,22,269,122,2,-,1
서울,강북구,사고[건],142,30,31,12,486,172,4,-,5,63,19,10,10,274,109,-,-,2,74,21,19,5,385,112,233,4,-,4,91,26,24,15,361,123,1,-,5,74,63,23,17,409,107,3,-,-
서울,강북구,사망[명],2,0,0,0,3,1,0,-,0,1,0,0,0,1,0,-,-,0,3,0,0,0,1,0,0,0,-,0,3,0,1,0,0,0,0,-,0,1,0,0,1,1,0,0,-,-
서울,강북구,부상[명],151,30,32,12,698,304,4,-,5,70,20,10,10,377,168,-,-,2,79,22,19,5,536,183,281,7,-,4,92,26,24,16,482,177,1,-,5,79,69,23,16,553,154,3,-,-
서울,금천구,사고[건],95,12,8,20,343,107,5,-,3,63,6,6,11,281,118,13,1,5,54,3,5,10,275,101,240,8,1,1,49,1,2,7,145,105,1,-,-,63,9,8,40,213,95,11,1,2
서울,금천구,사망[명],3,0,1,0,1,0,2,-,0,2,0,0,0,1,0,1,0,0,3,1,0,1,7,1,2,0,0,0,0,0,0,1,1,0,0,-,-,3,0,0,0,1,0,2,0,0
서울,금천구,부상[명],100,12,8,20,559,242,7,-,3,74,7,6,11,412,187,15,1,9,56,2,5,10,453,158,339,9,1,1,52,1,2,6,217,212,1,-,-,69,9,9,41,338,170,11,1,2
서울,용산구,사고[건],95,16,33,6,380,269,9,-,2,56,11,5,13,269,128,8,1,4,52,11,12,12,313,159,341,2,-,2,76,15,8,14,270,140,3,-,7,63,10,8,13,276,156,11,-,3
서울,용산구,사망[명],3,1,0,1,1,0,3,-,0,3,1,0,0,1,0,2,0,1,1,1,0,0,0,0,1,1,-,0,3,0,0,0,0,1,0,-,2,1,1,0,0,1,1,3,-,0
서울,용산구,부상[명],101,16,33,5,529,449,8,-,2,59,11,5,13,394,187,11,1,3,53,10,13,13,443,259,460,2,-,2,75,16,8,17,371,220,3,-,5,65,9,8,14,382,250,11,-,3
서울,성동구,사고[건],84,22,30,14,427,198,6,-,3,86,29,23,32,448,168,9,-,3,70,14,22,18,350,160,274,8,1,1,79,27,16,19,324,162,7,-,2,70,24,22,15,368,132,5,-,1
서울,성동구,사망[명],4,1,0,1,1,1,1,-,1,4,0,0,1,1,1,0,-,0,2,0,0,0,1,0,0,1,0,0,1,0,0,0,1,1,0,-,0,1,0,0,0,1,1,0,-,0
서울,성동구,부상[명],80,26,30,15,567,357,7,-,3,84,31,24,34,633,272,10,-,3,72,14,22,18,465,264,355,9,1,1,82,28,16,19,438,258,11,-,2,76,25,23,15,523,208,8,-,1
서울,동대문구,사고[건],143,45,14,22,532,253,8,-,4,130,33,11,22,511,172,10,-,2,93,32,7,28,439,176,433,2,-,5,127,52,14,34,450,184,8,-,7,109,57,12,44,527,217,2,-,3
서울,동대문구,사망[명],3,1,0,0,5,1,1,-,0,3,0,0,0,1,0,0,-,0,7,2,0,0,3,2,0,1,-,0,0,1,0,1,2,0,1,-,3,3,1,0,0,2,0,0,-,0
서울,동대문구,부상[명],150,46,14,24,724,398,7,-,4,135,35,11,24,693,291,10,-,2,87,30,7,28,536,260,525,1,-,5,136,52,14,35,586,268,9,-,4,114,57,12,45,683,320,2,-,3
서울,성북구,사고[건],204,54,12,20,680,228,11,2,10,148,36,13,21,557,180,8,1,8,101,33,8,27,479,190,279,11,1,7,106,41,9,25,466,186,6,-,2,91,23,12,23,474,174,3,1,4
서울,성북구,사망[명],2,1,0,0,1,0,1,0,1,1,0,0,0,0,2,1,0,0,3,0,0,1,5,1,2,2,0,1,2,1,0,0,2,0,1,-,0,1,1,0,1,3,0,0,0,0
서울,성북구,부상[명],213,53,12,20,983,374,13,2,9,157,37,13,22,751,283,10,1,8,102,34,11,26,641,284,331,12,1,6,108,40,11,25,627,273,6,-,2,94,22,12,22,632,258,4,1,4
서울,도봉구,사고[건],122,19,12,16,324,92,4,-,3,109,20,6,13,265,81,5,-,1,76,14,5,12,209,79,107,3,1,1,67,9,13,13,198,73,3,-,1,61,8,6,5,206,62,4,-,2
서울,도봉구,사망[명],0,0,0,0,0,0,0,-,0,2,1,0,0,3,0,0,-,0,0,0,0,0,1,0,1,0,0,0,1,0,0,0,0,0,0,-,0,3,1,0,0,2,0,0,-,0
서울,도봉구,부상[명],133,19,13,19,475,172,4,-,3,110,19,7,13,389,148,7,-,1,86,14,5,14,280,126,148,6,1,1,75,11,13,17,278,131,4,-,1,61,7,6,5,275,104,5,-,2
서울,은평구,사고[건],128,37,28,30,444,129,6,-,6,115,27,8,14,401,133,7,-,3,91,16,14,39,395,101,87,5,1,8,95,41,15,17,324,106,2,-,7,97,43,25,30,373,109,1,-,2
서울,은평구,사망[명],2,0,0,0,3,0,0,-,0,8,1,0,0,2,0,1,-,0,2,0,0,0,3,1,1,1,1,0,1,1,0,0,1,0,0,-,2,3,1,0,0,0,0,0,-,0
서울,은평구,부상[명],139,37,30,32,662,197,8,-,7,115,27,8,15,723,216,12,-,4,95,18,14,39,631,190,96,6,0,8,97,40,15,17,471,204,2,-,5,98,43,27,34,546,166,2,-,2
서울,서대문구,사고[건],136,40,10,20,421,163,11,-,3,77,25,9,16,390,119,6,-,3,90,36,6,17,383,143,139,11,-,3,95,34,11,21,363,137,10,-,7,101,17,16,19,379,139,9,-,2
서울,서대문구,사망[명],4,2,0,0,4,0,0,-,1,1,1,0,0,0,0,0,-,0,3,0,0,0,4,0,0,1,-,0,1,0,0,1,1,1,0,-,0,0,0,0,0,2,0,1,-,0
서울,서대문구,부상[명],139,38,10,22,733,281,15,-,2,87,24,10,16,579,198,7,-,5,102,36,6,17,547,213,161,13,-,3,98,35,11,20,553,228,10,-,8,106,17,18,19,561,213,9,-,2
부산,중구,사고[건],38,29,10,5,140,29,4,-,1,32,11,1,1,126,24,1,-,-,30,14,3,10,129,23,20,3,-,3,42,20,4,9,158,29,2,-,1,29,20,2,10,135,37,2,-,2
부산,중구,사망[명],1,0,0,0,0,0,0,-,0,0,0,0,0,0,0,0,-,-,1,0,1,0,0,0,0,0,-,0,1,0,0,0,1,0,0,-,0,0,0,0,0,1,0,0,-,0
부산,중구,부상[명],38,29,10,6,205,47,7,-,1,35,11,1,1,177,40,1,-,-,30,14,2,10,205,33,26,4,-,3,43,20,4,10,249,37,2,-,1,31,20,2,10,219,59,2,-,2
부산,서구,사고[건],65,22,21,3,207,71,7,-,5,40,16,12,5,246,59,4,1,5,46,8,24,8,205,61,35,5,-,5,45,14,3,5,201,56,7,-,1,41,29,8,7,173,81,3,-,4
부산,서구,사망[명],0,1,0,0,1,0,0,-,0,3,0,0,0,1,0,0,0,0,0,0,0,0,2,0,0,0,-,0,1,0,1,0,0,1,0,-,0,1,0,0,0,1,0,0,-,0
부산,서구,부상[명],69,21,22,3,350,117,10,-,6,38,16,12,5,383,87,6,1,5,48,8,24,8,310,95,45,7,-,7,45,14,2,5,307,106,9,-,1,44,29,8,7,270,137,4,-,5
부산,동구,사고[건],32,23,4,13,172,97,4,-,1,26,23,6,7,147,68,5,-,4,29,21,11,5,217,59,71,2,-,5,51,36,6,16,215,77,3,-,-,53,33,3,5,191,58,2,-,2
부산,동구,사망[명],0,0,0,0,0,0,1,-,0,0,0,0,0,0,0,0,-,0,2,0,0,0,0,0,0,0,-,1,1,1,0,0,1,1,0,-,-,3,0,0,0,0,0,0,-,0
부산,동구,부상[명],32,23,5,14,281,160,5,-,1,27,25,6,8,237,135,7,-,4,27,22,11,5,303,81,105,2,-,4,55,37,7,16,336,130,3,-,-,54,38,3,5,334,122,2,-,2
부산,영도구,사고[건],55,8,19,1,130,35,7,-,3,36,1,17,3,114,29,6,-,3,31,5,10,8,116,36,86,5,-,4,29,11,2,9,82,50,-,1,4,24,6,6,3,60,32,2,-,-
부산,영도구,사망[명],1,1,0,0,0,0,0,-,0,1,0,1,0,0,0,0,-,0,0,0,0,0,0,0,1,0,-,1,0,0,0,0,1,0,-,0,0,0,0,0,0,0,0,1,-,-
부산,영도구,부상[명],55,8,19,1,209,62,9,-,3,39,1,16,4,171,45,6,-,3,32,5,10,10,178,58,119,6,-,4,31,11,2,11,114,98,-,1,4,26,7,6,3,85,62,1,-,-
부산,진구,사고[건],197,77,38,23,535,223,11,1,2,145,60,21,22,545,187,6,1,12,130,50,20,15,537,245,411,6,1,7,152,34,24,8,446,216,11,1,7,125,54,27,17,363,196,7,-,8
부산,진구,사망[명],5,4,0,0,1,0,0,0,0,2,2,0,0,2,1,0,0,0,0,1,1,0,3,0,1,1,0,0,2,0,0,0,0,2,2,0,0,0,0,0,0,2,1,1,-,0
부산,진구,부상[명],202,76,39,26,840,399,17,1,2,154,59,23,23,826,337,8,1,13,140,50,19,15,802,412,566,5,1,7,163,34,26,8,650,369,13,2,8,137,54,27,17,561,302,6,-,9
부산,동래구,사고[건],124,49,21,16,431,142,9,1,2,102,28,11,15,330,159,4,-,2,64,26,3,17,313,101,196,4,-,1,117,38,6,11,305,104,10,-,1,115,27,5,21,312,123,10,-,1
부산,동래구,사망[명],1,0,0,0,0,0,1,1,0,1,0,0,0,0,0,1,-,0,0,0,0,0,1,0,1,0,-,1,2,1,0,0,1,0,2,-,0,3,0,1,0,1,0,2,-,0
부산,동래구,부상[명],128,49,21,16,635,254,12,1,2,106,28,11,15,476,228,4,-,2,66,28,3,18,427,140,274,16,-,0,116,38,6,12,420,162,12,-,1,120,28,4,21,445,179,8,-,1
부산,남구,사고[건],90,29,37,9,299,108,15,-,-,48,17,16,13,304,103,6,-,1,43,14,13,20,231,101,197,8,1,2,54,16,21,18,210,99,7,-,4,66,36,24,15,275,131,12,-,6
부산,남구,사망[명],1,0,0,0,2,0,1,-,-,2,0,0,0,0,0,0,-,0,0,0,0,0,0,1,1,0,0,0,2,0,0,3,1,0,0,-,1,2,1,0,1,1,0,1,-,0
부산,남구,부상[명],94,29,38,9,407,191,22,-,-,46,18,17,13,443,167,7,-,1,44,14,13,20,318,145,255,9,2,4,53,16,22,15,283,148,8,-,3,68,36,25,15,369,197,13,-,6
부산,북구,사고[건],81,11,8,5,156,69,9,-,1,49,9,5,7,157,75,9,-,-,45,13,8,3,138,65,210,5,-,2,35,8,3,1,78,66,1,-,-,45,7,3,3,123,60,3,-,-
부산,북구,사망[명],2,0,0,0,3,1,0,-,1,2,0,0,0,2,0,3,-,-,0,0,0,0,2,0,1,3,-,0,0,0,0,0,0,0,0,-,-,3,0,0,0,2,0,0,-,-
부산,북구,부상[명],84,12,9,5,228,121,12,-,1,48,9,6,7,210,128,12,-,-,48,14,8,3,189,109,289,3,-,2,35,8,3,1,117,118,1,-,-,44,7,3,3,194,94,5,-,-
부산,해운대구,사고[건],117,21,11,18,439,154,11,-,6,86,15,8,15,380,154,8,1,2,101,13,15,15,358,177,192,9,-,4,70,16,8,19,277,146,10,-,5,70,31,3,19,290,130,6,-,4
부산,해운대구,사망[명],2,0,0,1,3,0,2,-,2,3,0,0,0,4,0,1,0,0,2,1,0,0,3,1,0,1,-,0,1,1,1,0,0,0,0,-,0,0,1,0,1,0,0,1,-,0
부산,해운대구,부상[명],123,21,11,20,637,253,10,-,5,89,15,8,15,575,226,8,1,2,102,13,15,17,542,304,255,9,-,4,70,16,8,19,400,244,12,-,7,73,31,4,21,440,223,5,-,4
부산,사하구,사고[건],100,24,12,13,302,146,8,-,4,68,19,10,12,244,157,7,-,4,72,18,13,7,200,127,316,8,-,4,66,19,12,11,238,175,5,-,5,74,17,10,7,288,94,5,2,1
부산,사하구,사망[명],6,0,0,0,1,0,0,-,1,1,0,0,0,0,0,1,-,0,3,0,0,0,1,3,4,1,-,1,1,0,0,0,0,1,2,-,0,2,0,0,0,1,0,0,1,0
부산,사하구,부상[명],101,24,12,13,425,293,12,-,3,72,21,11,13,368,247,6,-,4,72,18,13,7,291,170,435,20,-,3,69,20,12,11,320,300,5,-,6,76,17,10,7,362,137,6,1,1
부산,금정구,사고[건],92,14,15,7,242,114,8,1,3,56,13,16,13,224,109,7,1,5,94,13,12,9,272,131,225,7,-,1,86,25,16,8,254,103,9,-,2,85,27,20,10,244,101,6,2,1
부산,금정구,사망[명],3,0,0,0,0,0,1,0,0,0,0,0,0,1,0,1,0,0,1,0,0,0,1,2,2,0,-,0,0,1,2,0,2,1,2,-,0,2,0,0,0,1,2,0,1,0
부산,금정구,부상[명],92,15,15,7,355,212,7,2,4,60,14,17,13,368,205,12,1,5,99,13,12,10,412,244,333,10,-,2,92,25,14,8,377,178,9,-,3,85,29,20,10,348,202,9,1,1
부산,강서구,사고[건],21,6,1,7,256,136,11,-,3,19,4,-,1,251,132,13,-,4,19,5,3,1,282,159,259,5,-,2,25,7,3,4,300,170,15,1,-,26,4,3,2,317,175,9,-,2
부산,강서구,사망[명],0,0,0,0,3,2,1,-,0,0,1,-,0,4,0,3,-,0,1,0,0,0,7,2,1,0,-,0,0,1,0,0,4,3,6,0,-,0,0,0,0,5,3,1,-,0
부산,강서구,부상[명],22,6,1,7,339,238,14,-,3,20,3,-,1,339,202,10,-,4,19,5,3,1,431,292,376,8,-,2,25,7,4,4,417,320,13,2,-,27,4,4,2,446,297,10,-,2
부산,연제구,사고[건],90,36,16,11,336,143,7,-,3,71,20,21,5,231,111,3,-,3,65,15,8,10,195,120,163,-,1,-,49,10,6,9,172,97,2,1,-,70,4,8,9,175,112,3,-,2
부산,연제구,사망[명],1,0,0,0,0,0,0,-,0,3,3,0,0,1,0,0,-,0,0,0,0,0,0,0,1,-,0,-,2,0,0,0,0,1,0,0,-,1,0,0,0,1,0,0,-,0
부산,연제구,부상[명],95,36,17,11,499,236,9,-,3,74,18,21,5,363,162,5,-,4,71,15,8,10,277,198,227,-,4,-,50,10,6,10,223,143,2,1,-,70,4,8,9,261,169,4,-,3
부산,수영구,사고[건],70,21,26,9,253,103,4,1,-,40,16,31,11,220,93,6,-,1,32,11,18,18,202,87,194,1,-,1,52,22,25,12,212,111,3,-,1,57,31,26,12,264,103,5,-,2
부산,수영구,사망[명],0,0,0,0,0,0,1,0,-,2,1,0,0,1,0,0,-,0,0,1,0,0,0,0,0,0,-,0,2,1,0,0,0,0,0,-,0,0,1,0,0,0,0,0,-,0
부산,수영구,부상[명],75,21,27,9,378,181,3,1,-,44,15,31,13,326,146,7,-,1,32,10,18,18,295,144,250,1,-,1,54,24,25,13,305,183,3,-,1,60,30,26,12,377,175,6,-,3
부산,사상구,사고[건],115,23,13,15,480,144,10,-,2,66,27,14,12,368,147,10,2,2,68,25,3,7,252,141,115,3,-,-,60,22,9,18,228,111,6,-,-,55,32,13,16,253,108,6,-,1
부산,사상구,사망[명],7,0,0,0,2,0,0,-,0,1,1,0,0,1,1,1,0,0,3,0,0,0,0,0,3,0,-,-,3,0,0,1,3,1,0,-,-,1,3,0,0,1,2,0,-,0
부산,사상구,부상[명],123,24,39,16,707,234,12,-,3,72,26,14,13,537,241,11,3,2,70,25,3,7,322,217,157,28,-,-,63,23,9,21,307,151,7,-,-,55,30,13,16,357,211,7,-,1
부산,기장군,사고[건],54,10,6,6,197,95,11,2,-,37,4,4,3,196,133,4,2,3,33,6,4,5,114,124,188,2,-,2,39,4,3,5,106,119,4,-,-,53,9,8,8,220,132,9,-,4
부산,기장군,사망[명],2,0,0,2,2,1,1,1,-,1,0,0,0,2,1,1,2,1,0,0,0,0,0,4,1,2,-,0,3,0,0,0,1,0,2,-,-,1,1,0,0,0,0,2,-,1
부산,기장군,부상[명],61,11,6,6,329,188,21,2,-,39,4,4,3,347,252,4,1,3,33,7,4,5,181,232,300,1,-,2,39,4,3,6,166,240,2,-,-,57,8,8,8,344,265,10,-,4
강원,춘천시,사고[건],123,17,18,22,769,224,16,4,3,97,15,17,10,589,204,18,1,2,91,16,11,15,596,214,294,7,-,2,98,19,7,19,479,188,11,-,7,86,17,15,16,495,164,9,-,5
강원,춘천시,사망[명],7,1,0,0,5,1,4,1,1,3,0,1,0,9,1,6,0,0,5,2,0,0,7,1,2,2,-,1,3,0,0,0,7,4,2,-,0,0,0,0,3,4,0,2,-,2
강원,춘천시,부상[명],123,16,18,24,"1,217",489,18,5,2,101,15,16,10,930,408,24,1,2,88,19,13,16,908,407,400,14,-,1,100,19,7,19,747,451,16,-,7,92,18,15,15,736,361,13,-,4
강원,원주시,사고[건],170,29,24,31,"1,074",355,17,4,12,131,35,13,16,860,422,15,4,3,120,35,16,18,762,376,284,12,2,3,101,40,10,25,679,353,12,1,3,98,25,6,15,600,318,11,1,4
강원,원주시,사망[명],6,4,0,1,9,1,6,2,2,6,2,0,0,2,2,5,1,2,5,2,0,0,3,0,3,3,2,1,4,1,0,1,1,2,1,0,0,7,2,0,0,4,1,1,1,1
강원,원주시,부상[명],173,26,24,33,"1,668",660,23,4,11,130,34,13,17,"1,380",741,11,10,2,120,33,18,20,"1,180",702,424,19,1,2,105,41,10,24,"1,068",658,16,1,3,97,25,6,16,908,560,16,0,5
강원,동해시,사고[건],35,1,8,5,187,57,9,-,1,37,5,9,6,157,38,7,-,2,32,6,2,5,187,61,41,4,1,1,31,5,5,1,152,51,-,1,2,34,9,3,6,125,49,2,-,1
강원,동해시,사망[명],3,0,0,0,0,0,0,-,0,1,1,0,0,0,0,1,-,0,0,0,0,0,1,0,0,1,0,0,1,0,0,0,3,1,-,0,0,1,0,0,0,0,0,0,-,1
강원,동해시,부상[명],34,1,8,6,264,100,14,-,2,36,4,10,6,230,77,9,-,2,32,6,2,7,298,132,69,7,2,1,34,5,5,1,227,102,-,1,4,37,10,3,6,185,87,2,-,0
강원,강릉시,사고[건],86,19,11,11,512,109,10,1,3,70,27,6,5,471,109,11,3,1,53,15,3,4,273,67,180,3,2,-,74,15,3,7,260,99,2,-,2,71,25,7,6,243,88,12,1,3
강원,강릉시,사망[명],4,0,0,0,4,1,3,1,0,3,0,0,0,4,0,4,1,1,5,1,0,0,4,3,0,1,2,-,1,0,0,0,3,2,2,-,0,3,2,0,1,1,1,5,1,1
강원,강릉시,부상[명],84,21,11,13,811,232,21,0,7,70,27,6,5,698,208,19,4,0,50,15,3,4,425,125,283,3,0,-,76,15,4,7,405,207,2,-,3,68,26,7,5,367,186,7,1,2
강원,속초시,사고[건],51,18,13,9,220,56,6,-,1,40,11,9,3,272,71,3,1,1,33,20,6,13,234,55,11,4,-,-,41,15,12,7,248,55,2,1,-,31,16,4,3,214,52,3,-,1
강원,속초시,사망[명],4,1,1,0,1,1,0,-,0,0,0,0,0,1,0,0,0,0,0,0,0,0,0,0,0,2,-,-,2,0,0,0,0,1,0,0,-,1,0,0,0,0,1,0,-,1
강원,속초시,부상[명],50,17,12,9,358,112,11,-,1,44,12,9,3,458,124,6,4,1,34,20,6,14,356,124,19,3,-,-,42,15,14,7,437,106,4,2,-,31,17,4,3,368,100,6,-,3
강원,태백시,사고[건],19,4,1,4,79,34,7,1,2,11,4,-,1,108,18,7,-,-,16,8,2,1,99,36,7,6,-,-,7,10,-,-,122,26,5,-,1,18,14,-,-,86,34,6,-,-
강원,태백시,사망[명],1,0,0,0,1,0,0,0,0,0,0,-,0,0,0,1,-,-,1,1,0,0,1,0,0,2,-,-,1,1,-,-,1,0,0,-,0,0,0,-,-,0,0,1,-,-
강원,태백시,부상[명],18,4,1,4,127,66,7,1,5,11,6,-,1,188,34,7,-,-,17,7,2,1,158,58,7,4,-,-,6,10,-,-,193,57,18,-,1,18,14,-,-,139,75,7,-,-
강원,삼척시,사고[건],30,14,12,6,224,57,26,5,12,18,12,2,2,179,70,18,7,11,20,7,2,5,135,48,5,8,1,7,17,13,3,7,81,34,10,3,3,22,8,-,-,95,26,4,3,4
강원,삼척시,사망[명],1,2,1,1,4,0,0,0,7,1,0,0,0,0,1,2,0,1,3,0,0,0,1,0,0,0,0,2,2,0,0,0,0,0,2,3,0,2,1,-,-,0,2,1,3,0
강원,삼척시,부상[명],30,14,11,7,368,110,31,10,22,17,12,2,2,298,134,23,8,11,18,7,2,5,208,99,6,14,1,5,15,14,3,7,127,58,8,2,3,20,7,-,-,145,44,5,0,4
강원,홍천군,사고[건],20,8,-,-,117,56,11,3,5,20,7,6,8,205,65,11,5,8,30,6,4,2,166,76,6,12,10,3,19,4,3,1,139,57,9,3,5,17,7,-,4,126,39,11,1,4
강원,홍천군,사망[명],1,0,-,-,2,3,4,2,1,1,1,1,1,2,0,2,0,1,2,0,0,0,3,1,0,3,4,2,1,0,0,0,4,1,2,0,0,1,0,-,1,3,1,2,0,1
강원,홍천군,부상[명],20,8,-,-,195,107,14,2,5,19,6,5,7,341,137,11,8,15,28,6,4,2,294,170,13,21,13,1,20,4,3,1,270,132,8,9,9,16,7,-,3,213,192,15,1,3
강원,횡성군,사고[건],12,3,2,-,85,32,7,4,1,10,4,3,1,117,43,13,2,4,9,8,-,1,106,29,32,6,6,3,11,3,-,1,67,31,1,2,1,12,7,2,1,98,21,5,5,1
강원,횡성군,사망[명],1,0,0,-,1,1,2,1,0,0,0,0,0,2,1,3,1,0,1,1,-,0,1,1,0,1,3,1,1,2,-,0,3,0,1,1,1,4,0,0,0,5,0,1,3,0
강원,횡성군,부상[명],11,3,2,-,156,78,10,4,2,10,4,3,1,205,88,18,3,6,8,7,-,1,163,53,47,11,3,2,10,8,-,1,112,73,0,1,0,9,7,2,1,160,43,4,3,1
강원,영월군,사고[건],19,1,-,-,71,23,17,5,2,14,4,4,-,87,15,11,4,6,6,6,-,3,76,23,3,6,2,4,9,6,4,-,77,20,18,4,2,7,11,1,-,74,20,8,4,3
강원,영월군,사망[명],1,0,-,-,0,0,1,0,0,2,0,0,-,1,1,2,1,0,0,0,-,0,1,0,0,1,0,0,0,1,2,-,2,0,3,0,0,1,0,1,-,0,1,3,1,0
강원,영월군,부상[명],18,1,-,-,131,55,18,5,2,13,4,4,-,148,21,15,4,6,6,6,-,3,143,37,6,11,2,6,9,5,3,-,142,37,31,7,4,6,11,0,-,147,45,11,5,5
강원,평창군,사고[건],10,4,1,-,106,25,6,-,6,6,2,-,1,84,17,4,4,1,2,3,1,2,98,33,20,10,1,2,5,4,4,-,117,33,12,4,4,6,5,1,-,103,27,13,7,2
강원,평창군,사망[명],1,1,0,-,1,0,0,-,2,1,0,-,0,0,0,1,2,0,0,0,0,0,3,0,0,1,0,0,0,1,0,-,4,1,4,2,0,0,1,0,-,1,0,10,1,0
강원,평창군,부상[명],9,3,1,-,221,50,13,-,4,6,2,-,1,139,36,3,4,1,2,3,1,2,209,115,40,15,1,2,6,3,4,-,212,85,13,2,4,8,4,1,-,219,85,17,16,3
강원,정선군,사고[건],8,6,1,-,58,15,3,-,-,9,3,1,-,46,15,3,1,1,4,2,-,2,48,21,57,9,2,3,3,2,-,2,16,12,9,-,-,4,7,3,-,42,26,12,1,-
강원,정선군,사망[명],0,1,0,-,1,1,3,-,-,0,1,0,-,1,0,0,0,0,0,2,-,0,2,0,0,0,0,0,0,0,-,0,2,0,1,-,-,0,0,0,-,0,1,3,0,-
강원,정선군,부상[명],8,5,1,-,106,29,1,-,-,10,2,1,-,73,29,6,1,1,4,0,-,2,75,38,91,10,3,3,3,2,-,2,30,21,11,-,-,4,7,3,-,80,56,12,1,-
강원,철원군,사고[건],6,1,1,1,91,15,5,2,4,12,3,2,-,88,13,5,1,4,-,3,-,-,90,14,-,9,1,1,10,11,2,-,63,8,4,1,3,9,2,2,3,70,8,5,1,2
강원,철원군,사망[명],3,0,0,0,4,0,3,0,1,0,1,0,-,2,0,0,0,2,-,0,-,-,2,1,-,2,1,0,0,0,0,-,0,0,0,1,0,0,0,0,0,1,0,1,0,0
강원,철원군,부상[명],4,1,1,2,149,25,7,2,4,13,2,2,-,124,23,9,1,4,-,3,-,-,161,25,-,9,0,1,10,13,2,-,108,18,6,1,3,14,2,2,6,109,15,8,1,2
강원,화천군,사고[건],10,3,3,-,57,11,4,4,2,4,1,2,1,66,15,13,3,3,3,1,2,-,46,17,10,4,3,3,4,1,1,2,50,9,5,2,-,2,-,2,-,57,14,4,-,-
강원,화천군,사망[명],1,0,2,-,1,1,2,1,0,1,0,1,0,1,0,3,2,0,0,0,0,-,1,0,0,0,0,0,1,0,0,0,0,0,3,0,-,0,-,0,-,0,0,0,-,-
강원,화천군,부상[명],9,4,3,-,125,20,4,5,2,3,1,1,1,131,33,18,1,3,3,2,2,-,76,44,17,11,4,4,3,1,1,2,105,15,6,4,-,2,-,2,-,98,23,5,-,-
강원,양구군,사고[건],5,2,1,-,46,7,4,-,1,3,-,-,-,37,7,4,6,1,6,1,1,-,26,21,8,2,1,4,2,-,-,1,46,9,2,1,4,3,3,4,1,50,12,3,2,2
강원,양구군,사망[명],0,0,0,-,0,0,1,-,0,1,-,-,-,0,0,0,1,0,1,1,0,-,0,0,0,0,0,2,0,-,-,0,0,2,1,1,0,0,0,0,0,1,0,1,0,0
강원,양구군,부상[명],7,2,1,-,92,15,5,-,1,2,-,-,-,91,17,6,5,1,5,0,5,-,42,36,14,2,2,7,2,-,-,1,63,18,1,0,5,3,3,4,1,96,39,2,4,2
강원,인제군,사고[건],4,2,-,1,37,21,6,2,3,3,2,-,1,48,17,1,-,2,-,2,4,-,61,10,2,7,1,-,4,1,1,1,52,15,7,2,1,5,4,1,1,56,18,2,1,1
강원,인제군,사망[명],0,0,-,1,2,1,3,0,0,0,0,-,0,2,0,1,-,0,-,0,1,-,1,2,0,1,2,-,0,0,0,0,3,1,1,0,0,2,0,0,0,1,0,1,0,0
강원,인제군,부상[명],4,2,-,0,72,38,4,5,3,3,2,-,1,75,32,0,-,2,-,2,3,-,95,37,3,10,3,-,4,1,1,1,85,31,12,2,2,3,4,1,1,103,51,1,1,1
강원,고성군,사고[건],4,2,3,-,69,41,1,-,2,6,1,1,-,61,34,-,2,1,5,-,1,-,70,24,5,4,-,-,3,2,3,-,63,52,1,1,-,1,-,-,-,58,35,-,1,1
강원,고성군,사망[명],0,0,0,-,1,0,0,-,0,0,0,0,-,0,1,-,1,0,0,-,0,-,1,2,0,1,-,-,0,0,0,-,0,0,1,1,-,0,-,-,-,0,0,-,1,1
강원,고성군,부상[명],4,2,3,-,115,73,2,-,2,7,1,1,-,94,67,-,4,1,5,-,1,-,119,48,6,10,-,-,3,2,5,-,112,101,0,1,-,1,-,-,-,79,59,-,0,0
강원,양양군,사고[건],10,10,11,1,81,45,10,3,1,10,7,2,2,89,32,4,3,1,6,4,7,1,87,26,8,6,1,4,9,7,7,1,85,28,3,-,-,6,13,2,-,95,31,3,1,-
강원,양양군,사망[명],1,0,0,0,2,3,1,1,0,0,1,0,0,1,0,1,1,0,0,0,0,0,1,0,0,1,0,0,1,2,1,0,3,0,1,-,-,0,0,0,-,2,0,0,1,-
강원,양양군,부상[명],9,10,12,1,152,112,39,3,1,11,6,3,2,149,70,4,3,1,6,4,7,1,148,53,11,8,1,6,10,5,8,2,146,91,5,-,-,7,13,2,-,154,61,4,0,-
충북,청주시,사고[건],248,72,25,36,"1,941",668,44,9,21,215,48,31,27,"1,562",626,62,5,14,186,28,18,45,"2,070",629,772,30,5,21,215,70,34,55,"1,724",594,42,8,29,261,77,36,55,"2,072",770,68,4,23
충북,청주시,사망[명],10,4,0,2,7,7,5,1,0,9,4,0,0,19,10,3,3,1,5,1,0,0,9,10,8,3,1,3,8,1,0,1,18,9,4,3,2,6,2,0,0,12,9,6,2,1
충북,청주시,부상[명],254,72,27,38,"3,309","1,348",46,11,24,221,50,31,28,"2,539","1,193",71,3,17,201,27,18,46,"3,219","1,142","1,145",30,4,18,213,73,35,61,"2,566","1,038",52,6,28,269,76,37,60,"3,093","1,396",88,3,23
충북,충주시,사고[건],61,16,6,8,355,185,28,6,13,46,14,3,5,335,180,17,7,9,44,17,5,5,569,196,184,20,4,10,61,17,13,7,549,194,20,6,5,49,28,6,7,481,168,14,6,5
충북,충주시,사망[명],7,1,0,0,8,3,2,5,1,2,0,0,0,5,4,0,0,2,1,1,0,0,6,5,1,2,0,4,7,1,0,0,6,7,3,1,0,2,1,0,1,4,1,2,3,0
충북,충주시,부상[명],57,15,6,9,629,455,38,5,12,45,16,3,5,572,392,20,8,12,46,16,5,6,922,370,303,23,5,6,55,16,13,7,849,342,21,5,5,50,28,6,7,768,308,18,5,5
충북,제천시,사고[건],81,22,9,9,476,168,31,5,7,45,13,5,4,481,136,27,5,8,51,12,3,3,423,112,35,24,2,6,45,19,12,5,322,104,28,3,2,39,7,7,7,398,115,38,6,6
충북,제천시,사망[명],7,2,0,0,3,0,4,0,0,3,2,0,0,4,3,1,0,0,3,0,0,0,6,0,0,2,0,0,1,2,0,0,2,4,3,1,0,3,0,0,0,1,2,1,2,1
충북,제천시,부상[명],77,22,9,11,867,365,32,6,7,46,14,5,5,841,246,31,5,8,48,15,3,3,732,231,43,26,2,8,51,17,12,5,569,193,30,3,5,37,8,7,7,647,211,44,5,5
충북,보은군,사고[건],8,3,4,1,76,33,2,7,8,8,9,4,1,58,21,9,3,5,4,4,3,3,66,34,6,2,2,4,6,2,2,5,65,31,3,1,5,6,3,1,1,62,35,1,1,3
충북,보은군,사망[명],0,1,0,0,4,2,0,0,2,0,1,0,0,1,4,1,0,2,0,1,0,0,2,4,1,0,1,0,0,0,0,0,0,4,0,0,0,0,1,0,0,2,6,1,0,2
충북,보은군,부상[명],8,2,4,1,136,91,8,8,12,8,9,4,1,96,56,11,4,3,4,3,6,4,100,87,9,4,1,4,6,2,2,5,128,44,6,1,5,6,2,1,1,126,77,0,2,1
충북,옥천군,사고[건],21,8,4,-,121,27,8,3,5,10,3,-,1,82,35,11,2,1,16,8,-,1,73,26,10,3,1,3,16,6,2,-,44,12,7,2,1,7,9,1,-,73,23,6,8,5
충북,옥천군,사망[명],0,1,1,-,0,2,0,1,1,1,0,-,0,1,2,0,1,0,0,1,-,0,2,4,0,0,1,0,0,0,0,-,1,0,2,1,0,0,0,0,-,3,3,1,4,1
충북,옥천군,부상[명],23,7,3,-,194,44,11,2,4,9,3,-,1,125,49,13,1,1,16,7,-,1,101,46,11,3,0,3,16,6,2,-,59,23,8,1,1,7,10,1,-,128,44,7,4,4
충북,영동군,사고[건],6,4,6,2,130,25,10,4,8,8,4,4,-,79,16,5,4,5,8,3,2,-,71,20,8,5,4,4,7,2,3,2,69,19,9,1,2,14,2,-,2,62,18,3,4,1
충북,영동군,사망[명],0,0,0,0,4,1,1,0,1,2,1,0,-,1,0,0,0,0,0,0,0,-,2,0,0,0,3,2,0,0,0,0,5,2,1,0,0,0,0,-,0,1,0,2,1,0
충북,영동군,부상[명],6,4,6,2,221,40,13,7,8,6,3,4,-,114,24,10,5,5,9,3,2,-,108,37,13,5,1,2,8,2,3,2,111,27,12,1,2,15,2,-,2,77,29,3,3,1
충북,진천군,사고[건],17,5,6,2,164,93,16,3,10,28,6,3,-,235,104,18,7,5,24,7,3,-,286,100,26,17,3,6,26,7,9,3,275,80,10,1,7,27,13,8,1,277,91,11,2,8
충북,진천군,사망[명],0,0,1,0,1,3,1,0,2,1,3,1,-,3,2,1,0,0,3,0,0,-,7,1,1,1,2,0,1,0,0,0,1,3,1,0,1,0,2,0,0,2,1,1,1,2
충북,진천군,부상[명],21,5,5,2,260,232,16,3,8,28,3,2,-,380,240,17,7,6,21,9,3,-,385,192,43,19,4,8,29,7,9,4,407,169,10,1,6,28,12,10,1,399,179,20,2,6
충북,괴산군,사고[건],5,4,5,1,101,28,13,6,3,9,3,5,-,103,35,4,2,5,2,1,2,1,95,44,12,7,4,3,4,3,8,-,105,25,15,7,5,8,4,4,1,78,28,19,2,5
충북,괴산군,사망[명],1,1,0,0,2,0,3,1,0,1,0,1,-,0,3,1,0,2,0,0,0,0,1,3,0,1,0,1,1,0,0,-,1,2,2,1,2,1,1,0,0,2,3,4,0,1
충북,괴산군,부상[명],4,3,5,1,172,59,17,8,3,9,3,4,-,182,86,10,3,4,2,1,2,1,181,89,14,7,5,2,3,3,8,-,187,46,18,8,3,7,3,5,1,136,51,17,2,4
충북,음성군,사고[건],39,14,11,1,395,111,26,6,6,14,14,5,2,354,103,41,7,3,11,9,4,2,321,113,18,28,6,5,20,16,5,5,283,110,20,4,8,11,13,1,2,248,80,19,5,1
충북,음성군,사망[명],4,1,0,0,3,3,2,1,1,0,2,0,0,3,4,5,2,1,0,0,1,0,3,3,0,2,0,1,1,1,0,0,6,1,1,0,1,3,3,0,0,2,4,2,1,0
충북,음성군,부상[명],39,18,12,1,693,229,29,5,5,14,12,7,2,599,188,44,7,3,12,10,3,2,505,201,21,40,6,4,20,16,5,5,446,189,26,5,11,11,10,1,2,396,152,20,4,1
충북,단양군,사고[건],12,-,-,-,66,29,15,1,4,10,1,-,-,50,23,17,2,2,8,-,-,-,73,25,10,11,4,3,10,2,-,1,38,24,10,1,11,5,1,-,1,14,32,4,-,1
충북,단양군,사망[명],1,-,-,-,3,3,2,0,1,0,0,-,-,0,1,2,1,0,0,-,-,-,1,1,1,1,0,1,0,1,-,0,2,1,1,0,0,0,0,-,0,0,1,1,-,1
충북,단양군,부상[명],13,-,-,-,117,83,18,2,3,12,1,-,-,93,47,18,3,2,8,-,-,-,130,49,12,11,4,2,13,1,-,1,63,52,14,2,11,5,1,-,2,21,69,4,-,0
충북,증평군,사고[건],21,9,4,1,118,30,7,-,-,11,3,1,2,96,26,2,-,4,11,2,1,1,120,42,8,6,2,2,15,6,3,2,93,15,3,1,-,16,11,11,5,109,28,5,2,2
충북,증평군,사망[명],2,0,1,0,2,0,1,-,-,1,0,0,0,1,0,0,-,0,1,0,0,0,1,0,0,1,0,0,2,0,0,0,1,0,0,0,-,0,1,0,0,0,0,0,0,1
충북,증평군,부상[명],19,9,3,1,177,54,10,-,-,10,3,1,2,142,50,2,-,4,10,2,1,1,185,76,9,7,2,2,14,7,3,2,138,21,4,1,-,18,10,11,6,165,57,7,2,1
충남,천안시,사고[건],246,49,8,7,"1,480",580,28,3,19,189,29,11,8,"1,417",579,25,4,17,170,35,16,22,"1,067",451,992,24,5,13,188,45,19,31,"1,116",463,30,5,14,253,71,24,34,"1,526",507,35,5,13
충남,천안시,사망[명],4,2,0,0,6,6,3,1,2,10,3,0,0,12,8,2,3,1,7,0,0,0,6,2,5,3,1,0,7,1,0,0,7,6,3,0,1,12,1,1,0,9,2,1,0,2
충남,천안시,부상[명],261,52,8,10,"2,262","1,063",35,2,18,203,27,11,8,"2,085","1,135",28,1,17,174,36,17,25,"1,601",824,"1,407",35,4,13,194,48,21,34,"1,678",828,33,5,13,260,74,24,35,"2,221",876,40,6,11
충남,아산시,사고[건],77,10,6,14,215,175,13,3,5,69,19,6,8,287,185,13,1,2,67,20,8,7,300,218,445,13,4,6,86,20,10,11,376,237,22,3,4,93,21,9,12,593,287,10,1,6
충남,아산시,사망[명],7,1,0,0,5,4,5,1,2,3,1,0,0,4,1,2,0,0,4,1,0,0,2,2,8,5,1,3,2,2,0,0,4,2,5,0,0,3,0,0,0,5,2,2,0,2
충남,아산시,부상[명],76,9,6,15,356,282,10,2,3,67,18,6,9,438,328,14,1,2,67,21,8,7,450,366,644,12,3,3,89,19,10,12,623,425,38,3,4,98,21,9,12,884,505,11,1,11
충남,보령시,사고[건],81,7,7,5,192,56,12,5,9,45,5,6,4,131,70,9,-,6,38,10,7,1,110,45,132,3,1,10,40,7,5,1,125,40,6,-,4,35,10,7,1,101,29,13,2,1
충남,보령시,사망[명],2,0,1,0,4,2,2,1,2,4,0,0,0,5,0,1,-,0,3,2,0,0,0,2,5,1,0,3,3,0,0,0,7,1,2,-,1,1,2,0,0,2,1,1,0,0
충남,보령시,부상[명],82,8,9,7,314,114,10,10,11,46,5,6,4,202,132,8,-,7,35,8,7,1,173,76,207,2,1,8,37,7,5,1,224,76,6,-,4,37,8,7,1,180,51,19,2,1
충남,공주시,사고[건],43,9,6,4,305,113,19,9,12,28,11,2,-,207,109,22,8,13,25,11,1,5,190,87,87,7,6,8,34,7,4,4,194,81,15,5,8,31,13,2,7,185,85,11,4,8
충남,공주시,사망[명],3,1,0,0,6,6,1,1,0,0,1,0,-,4,8,4,1,1,0,2,0,0,2,5,2,0,1,0,1,0,0,0,4,3,2,0,0,2,1,1,0,2,7,3,1,0
충남,공주시,부상[명],44,8,6,4,550,264,28,8,13,28,10,3,-,320,236,21,7,13,25,9,1,5,289,170,155,7,6,9,33,7,4,5,327,176,14,5,8,33,13,1,7,276,167,11,3,8
충남,서산시,사고[건],57,20,9,12,392,183,28,5,15,63,16,8,7,356,154,18,4,7,61,11,11,9,325,123,62,13,4,10,61,17,18,6,232,121,10,4,3,49,26,13,7,301,121,11,3,5
충남,서산시,사망[명],4,1,1,0,5,9,3,1,0,7,1,1,1,6,2,3,2,0,4,2,0,0,6,5,1,2,0,0,1,3,0,0,3,2,0,2,2,3,3,2,0,7,3,0,1,1
충남,서산시,부상[명],56,21,8,13,638,341,29,4,17,58,15,7,8,549,271,16,2,7,61,9,11,12,492,216,86,11,4,14,67,14,18,6,367,229,12,2,1,46,23,12,7,477,219,13,3,4
충남,금산군,사고[건],13,5,3,-,78,15,8,2,-,10,6,-,2,55,20,4,2,5,8,1,1,-,54,15,5,6,5,3,23,3,3,2,63,11,6,3,1,9,-,3,-,58,14,6,5,3
충남,금산군,사망[명],0,2,1,-,2,0,0,0,-,2,1,-,0,1,1,0,0,0,1,0,0,-,2,1,0,2,0,1,0,0,0,0,2,0,1,1,0,1,-,0,-,1,3,0,1,0
충남,금산군,부상[명],14,3,2,-,112,34,9,3,-,9,5,-,2,93,59,6,2,5,8,1,1,-,86,33,5,5,5,2,24,3,3,2,98,14,6,2,2,10,-,3,-,80,27,6,4,3
충남,태안군,사고[건],22,7,4,3,163,50,17,7,3,21,10,4,1,137,68,17,1,3,14,5,5,1,81,64,46,15,4,3,14,21,-,2,49,68,7,3,5,7,12,1,-,85,54,3,2,3
충남,태안군,사망[명],3,1,1,0,3,1,3,2,1,3,2,0,0,4,2,1,1,0,0,1,0,0,2,2,3,4,1,0,1,2,-,0,0,1,0,0,0,0,0,0,-,2,2,0,1,0
충남,태안군,부상[명],20,6,3,3,341,123,23,5,3,23,8,4,1,262,152,18,4,5,14,4,5,1,141,121,70,18,3,3,15,19,-,2,86,123,11,7,8,7,13,1,-,144,93,5,1,3
충남,논산시,사고[건],42,19,9,7,257,59,16,6,14,28,15,5,7,184,56,12,1,5,32,19,2,3,185,61,11,14,7,3,30,17,5,5,187,43,8,3,7,28,13,-,5,152,57,9,2,6
충남,논산시,사망[명],5,0,0,0,7,1,7,3,2,3,4,0,0,4,1,4,0,1,6,0,0,0,4,3,0,3,6,0,3,0,0,0,8,2,1,1,1,1,4,-,0,1,0,3,0,0
충남,논산시,부상[명],42,19,9,7,448,125,11,3,14,26,11,5,7,324,103,13,1,4,30,22,2,4,323,107,16,11,7,3,28,18,5,7,314,81,8,2,7,29,9,-,5,257,113,7,2,9
충남,부여군,사고[건],13,4,2,1,110,27,7,7,4,9,5,1,-,111,30,7,3,1,11,13,1,3,87,19,28,6,1,5,23,3,2,1,80,25,8,9,2,13,4,-,1,93,39,5,3,5
충남,부여군,사망[명],1,0,0,0,4,0,1,5,0,0,0,0,-,2,0,1,0,1,0,2,0,0,2,3,1,0,0,1,2,0,0,0,1,0,1,3,0,4,0,-,0,1,5,0,0,1
충남,부여군,부상[명],13,4,2,1,153,44,6,3,4,10,5,1,-,154,64,9,4,0,11,12,1,3,138,33,36,9,1,4,23,3,4,1,134,50,8,9,2,10,4,-,1,127,64,5,3,5
충남,서천군,사고[건],22,7,7,7,166,47,18,11,9,15,13,-,3,159,30,15,11,7,14,10,5,1,113,33,25,14,3,9,16,15,3,3,121,33,13,7,13,8,11,2,-,92,26,16,10,3
충남,서천군,사망[명],5,2,1,1,1,1,2,2,1,0,2,-,0,1,3,0,4,1,1,1,0,0,4,3,2,1,1,0,1,1,0,0,2,0,0,1,1,0,0,0,-,1,4,1,1,0
충남,서천군,부상[명],17,7,7,7,272,81,21,10,10,15,11,-,3,260,59,17,7,7,14,9,5,1,211,60,43,21,2,9,16,15,4,3,210,55,13,10,15,8,12,2,-,193,46,16,9,3
충남,청양군,사고[건],8,7,1,-,86,27,14,14,7,5,3,1,1,84,20,18,6,12,3,10,3,-,74,24,3,10,14,5,2,6,4,-,87,30,14,11,9,5,2,2,-,69,29,23,9,11
충남,청양군,사망[명],2,1,0,-,3,1,0,2,1,0,1,0,0,3,0,1,2,0,0,1,0,-,0,3,0,1,1,0,0,0,0,-,1,2,0,2,0,0,1,0,-,1,1,2,1,1
충남,청양군,부상[명],6,6,1,-,141,41,22,17,6,5,2,1,1,142,47,19,5,13,3,9,4,-,127,50,3,9,15,5,2,6,4,-,146,54,14,10,10,5,1,2,-,119,42,28,11,10
충남,홍성군,사고[건],31,10,11,3,148,48,9,2,5,11,10,5,2,172,64,5,2,2,15,5,2,1,95,38,56,3,3,3,24,9,2,1,119,46,3,1,1,22,5,5,4,125,18,4,1,3
충남,홍성군,사망[명],4,5,2,0,0,1,3,1,2,1,0,0,0,2,1,2,2,2,0,2,0,0,1,4,1,0,0,1,3,1,0,0,8,5,1,0,0,2,0,0,0,2,1,1,0,0
충남,홍성군,부상[명],28,5,10,3,212,107,9,1,3,10,11,6,2,245,106,3,1,0,16,3,2,1,152,60,92,3,3,2,21,8,2,1,154,72,15,1,1,22,5,5,4,198,33,3,1,3
충남,예산군,사고[건],23,10,9,3,193,71,14,6,4,12,18,2,1,194,64,10,6,9,22,7,1,-,184,45,5,19,8,7,12,9,2,1,176,59,18,7,7,18,18,8,-,193,62,18,5,4
충남,예산군,사망[명],1,0,0,0,4,2,4,2,0,0,3,0,0,3,2,0,1,1,1,2,0,-,6,2,0,5,3,1,0,1,0,0,6,0,4,2,1,2,0,0,-,2,2,0,1,2
충남,예산군,부상[명],25,10,9,3,318,123,11,5,4,12,15,2,1,303,119,12,7,8,21,5,1,-,273,77,6,19,8,6,12,8,3,1,280,120,14,6,11,16,18,10,-,283,123,21,4,3
충남,당진시,사고[건],30,35,7,11,340,150,26,3,10,19,26,10,9,318,183,12,9,3,44,18,15,7,242,152,146,9,5,4,24,9,4,9,200,141,7,1,4,41,20,6,10,233,121,9,4,3
충남,당진시,사망[명],0,0,1,0,8,8,4,1,4,0,4,0,0,7,6,2,4,1,4,2,0,0,8,7,4,2,2,1,3,0,0,0,6,2,1,1,1,2,0,0,0,8,4,2,1,0
충남,당진시,부상[명],32,35,6,14,525,337,30,2,12,20,22,10,9,527,362,13,6,2,45,17,16,7,339,262,226,14,3,3,22,11,4,12,279,251,9,0,3,41,21,6,10,350,221,18,5,3
충남,계룡시,사고[건],6,-,-,-,32,10,2,-,-,6,2,-,-,20,12,2,1,2,8,4,1,1,26,8,2,2,2,1,5,1,-,1,27,5,4,-,-,8,2,-,1,33,6,3,-,-
충남,계룡시,사망[명],1,-,-,-,0,0,0,-,-,1,0,-,-,0,0,0,1,0,0,1,0,0,1,0,0,0,0,0,0,0,-,0,1,0,1,-,-,0,0,-,0,0,0,0,-,-
충남,계룡시,부상[명],5,-,-,-,57,28,3,-,-,5,2,-,-,34,31,2,0,2,8,3,2,1,38,13,6,2,2,1,6,1,-,1,50,5,3,-,-,8,2,-,1,59,11,4,-,-
전북,전주시,사고[건],313,62,20,46,"1,149",351,13,-,2,252,43,25,30,993,371,11,1,3,247,32,25,28,"1,041",347,297,8,1,1,243,38,20,24,922,320,15,1,1,233,45,24,29,862,370,11,-,1
전북,전주시,사망[명],9,3,0,0,12,4,3,-,0,11,2,0,1,13,5,3,0,0,8,1,1,0,12,3,5,2,0,0,7,0,1,0,9,1,0,1,0,6,1,1,0,6,3,4,-,1
전북,전주시,부상[명],317,59,21,50,"1,843",690,13,-,2,255,43,27,31,"1,527",694,14,1,3,260,31,26,31,"1,584",544,453,12,3,1,251,39,19,25,"1,368",513,19,1,1,246,45,23,34,"1,321",640,13,-,0
전북,군산시,사고[건],117,25,16,13,409,193,19,-,3,88,21,15,12,368,172,13,4,3,88,34,23,13,466,213,181,15,4,6,105,32,15,19,580,178,20,4,4,92,26,19,15,546,208,15,5,4
전북,군산시,사망[명],5,0,0,0,5,7,3,-,0,2,3,0,0,7,4,0,8,0,6,1,1,1,6,0,0,2,2,1,5,0,1,0,5,3,4,0,1,6,0,0,1,5,3,1,0,0
전북,군산시,부상[명],118,26,18,14,713,388,20,-,3,94,19,15,12,607,342,18,18,3,85,36,23,13,729,389,259,23,4,5,103,32,15,20,882,319,24,4,3,95,26,19,15,845,370,20,6,4
전북,정읍시,사고[건],73,10,3,3,307,68,8,4,5,38,17,8,6,294,68,15,6,8,34,10,2,3,187,52,41,6,7,6,46,11,2,2,192,45,5,3,3,44,7,2,3,153,42,6,1,2
전북,정읍시,사망[명],4,1,0,0,5,4,1,0,1,2,0,1,0,3,2,4,1,2,0,1,0,0,3,5,1,0,1,2,3,0,0,0,7,2,0,1,2,1,0,1,0,0,3,2,1,0
전북,정읍시,부상[명],71,9,3,3,498,141,15,4,5,38,18,7,6,497,129,16,7,9,39,9,2,3,349,80,55,7,8,4,45,13,2,2,316,79,12,2,2,44,8,1,3,262,89,5,0,5
전북,남원시,사고[건],28,13,1,1,140,36,14,1,6,24,13,-,5,128,29,12,4,6,15,6,4,5,155,26,40,10,6,3,13,12,2,7,142,23,11,4,2,23,12,3,4,107,34,6,3,12
전북,남원시,사망[명],2,0,0,0,2,0,1,0,1,0,1,-,0,3,6,5,1,1,2,0,0,0,2,1,1,2,1,1,0,1,0,1,3,1,4,1,1,4,2,0,0,1,0,3,1,1
전북,남원시,부상[명],29,13,1,1,212,72,19,1,7,25,12,-,6,185,83,9,5,5,13,6,4,5,225,35,47,11,6,3,15,11,2,6,210,43,10,4,1,20,10,3,7,162,61,4,2,11
전북,김제시,사고[건],47,18,6,2,229,89,11,2,1,28,14,7,6,202,77,5,5,1,20,8,2,2,163,35,4,9,-,-,28,15,6,1,144,35,2,1,2,24,18,1,3,142,39,9,3,3
전북,김제시,사망[명],3,2,1,0,5,3,1,1,0,5,1,1,0,7,7,3,3,0,2,0,0,0,4,1,0,4,-,-,0,0,0,1,6,0,0,0,1,3,0,0,0,2,3,2,2,1
전북,김제시,부상[명],47,16,6,2,428,260,15,1,1,26,14,6,7,327,175,5,3,1,18,8,2,2,278,58,5,6,-,-,32,15,6,0,222,60,4,3,2,21,19,1,3,253,88,13,1,3
전북,완주군,사고[건],14,3,3,3,101,45,3,2,4,10,4,-,2,92,40,4,1,2,17,5,2,1,76,41,25,10,2,2,16,-,2,2,94,33,7,-,3,13,5,2,5,125,42,5,1,4
전북,완주군,사망[명],0,2,0,0,6,5,0,1,1,3,1,-,0,4,0,2,0,1,2,1,0,0,2,4,1,3,1,1,3,-,0,0,1,5,2,-,2,4,1,1,1,5,1,2,1,2
전북,완주군,부상[명],14,1,3,3,164,90,4,1,6,8,3,-,2,141,78,2,1,1,17,4,2,1,118,81,34,9,1,1,13,-,2,2,144,65,6,-,1,9,4,2,4,207,93,6,0,2
전북,진안군,사고[건],5,-,1,-,30,15,6,7,2,7,2,1,-,22,7,5,6,1,3,-,2,1,26,10,2,11,3,5,8,2,3,2,23,7,8,1,1,5,-,1,-,29,21,6,2,1
전북,진안군,사망[명],0,-,0,-,0,1,1,2,0,0,0,1,-,2,3,0,2,0,1,-,0,0,1,0,0,3,1,1,1,0,0,0,0,1,2,1,0,0,-,1,-,1,0,2,0,0
전북,진안군,부상[명],5,-,1,-,73,19,6,7,3,7,2,0,-,36,8,5,4,1,2,-,3,1,45,20,4,11,3,5,7,2,5,2,50,8,9,0,1,6,-,0,-,47,38,5,5,1
전북,무주군,사고[건],3,5,-,2,54,19,8,5,5,5,3,1,5,51,17,4,2,3,3,8,-,-,52,9,2,8,1,3,7,5,3,1,46,15,6,2,3,3,1,-,-,48,11,3,2,1
전북,무주군,사망[명],0,0,-,0,6,1,0,0,1,2,1,0,0,1,2,1,1,0,0,0,-,-,2,0,1,3,0,0,0,1,1,0,0,2,2,1,1,0,0,-,-,2,0,1,0,0
전북,무주군,부상[명],4,5,-,2,84,61,12,8,7,3,2,1,5,93,22,6,3,5,3,8,-,-,103,21,6,8,1,3,7,4,2,1,85,24,6,1,3,3,1,-,-,83,26,3,3,1
전북,장수군,사고[건],5,4,7,-,19,13,4,5,6,5,2,2,-,26,7,6,10,5,1,2,2,1,11,8,2,1,-,2,2,-,1,-,17,3,1,1,1,3,4,3,-,19,4,3,-,3
전북,장수군,사망[명],1,1,2,-,1,0,2,2,2,0,0,0,-,0,1,3,0,0,0,0,0,1,1,2,0,1,-,1,0,-,0,-,2,0,0,0,1,0,2,1,-,1,1,1,-,1
전북,장수군,부상[명],4,4,5,-,31,21,3,3,4,6,2,2,-,39,11,3,11,6,1,2,2,0,30,9,3,0,-,1,2,-,1,-,22,5,1,1,0,3,2,2,-,29,6,5,-,2
전북,임실군,사고[건],8,3,-,-,56,29,4,2,1,2,5,-,3,50,38,6,4,1,2,4,-,-,43,46,6,5,5,2,3,7,2,1,25,26,6,3,1,4,1,3,-,33,17,6,3,2
전북,임실군,사망[명],1,0,-,-,3,2,0,0,0,0,1,-,0,1,2,1,1,0,1,1,-,-,0,0,0,1,3,1,0,0,1,0,0,0,2,0,0,0,0,1,-,1,2,2,0,0
전북,임실군,부상[명],7,3,-,-,82,56,6,3,1,2,5,-,3,82,81,10,4,1,1,3,-,-,66,66,6,10,3,1,3,7,1,1,35,41,6,3,1,4,1,2,-,57,30,9,4,3
전북,순창군,사고[건],5,5,1,-,41,7,4,5,-,3,1,-,-,46,4,2,3,4,2,3,-,-,64,12,2,8,3,4,1,3,1,1,47,7,9,7,4,6,2,-,-,44,14,7,-,5
전북,순창군,사망[명],0,1,0,-,2,1,0,2,-,0,0,-,-,1,0,0,0,0,0,1,-,-,1,1,0,0,0,1,0,2,0,0,2,0,4,2,1,0,1,-,-,1,0,0,-,1
전북,순창군,부상[명],5,4,1,-,52,7,5,4,-,4,1,-,-,77,7,2,3,4,2,2,-,-,104,19,3,8,4,3,1,1,1,1,75,15,11,5,5,6,1,-,-,63,26,9,-,4
전북,고창군,사고[건],10,5,4,4,85,24,2,1,2,10,6,1,4,88,25,1,4,2,11,3,1,4,73,17,9,-,3,5,6,6,3,2,51,7,7,2,1,11,7,-,4,84,17,2,4,3
전북,고창군,사망[명],3,0,1,1,2,4,1,0,1,2,2,0,0,6,0,0,0,0,2,0,0,1,0,2,1,-,2,1,1,0,1,0,4,0,3,2,0,3,1,-,0,0,3,1,2,1
전북,고창군,부상[명],7,5,3,3,163,36,1,1,12,8,4,1,5,149,52,1,7,2,9,3,1,4,128,26,14,-,5,16,5,6,3,2,69,13,5,0,1,8,7,-,4,127,20,1,3,2
전북,부안군,사고[건],17,7,5,1,133,51,19,4,5,12,5,1,1,107,26,23,6,3,8,9,2,-,111,35,6,14,3,8,15,7,1,1,70,16,3,2,6,14,11,2,3,100,18,2,2,3
전북,부안군,사망[명],0,0,0,0,8,4,4,0,0,2,0,0,0,1,1,1,2,0,0,1,1,-,5,1,1,1,0,1,2,0,1,0,4,0,1,0,0,0,1,0,0,1,1,1,1,1
전북,부안군,부상[명],18,8,5,1,265,120,18,5,6,10,5,1,1,188,46,35,4,3,8,8,1,-,186,62,5,19,3,7,14,7,0,1,110,29,2,3,6,14,10,2,3,164,29,1,1,2
전북,익산시,사고[건],172,30,10,14,801,206,16,1,4,110,31,8,17,611,188,10,5,3,95,24,21,14,572,149,47,10,3,5,98,16,8,10,390,116,4,4,-,93,23,7,9,450,123,8,1,-
전북,익산시,사망[명],5,1,0,1,13,3,6,0,0,7,3,1,0,3,3,2,1,1,6,1,0,0,5,3,1,1,2,1,10,1,0,0,7,1,1,3,-,5,0,0,0,2,4,3,1,-
전북,익산시,부상[명],177,29,10,15,"1,202",374,20,1,4,106,28,8,20,952,335,16,8,2,93,25,22,16,864,285,65,12,1,4,93,15,8,12,597,190,3,6,-,94,23,7,10,659,208,9,0,-
전남,목포시,사고[건],120,23,5,3,675,156,14,1,3,91,35,2,11,633,177,17,1,2,70,32,4,8,439,166,518,12,-,1,72,36,5,6,669,142,7,-,2,67,32,4,9,526,144,9,1,2
전남,목포시,사망[명],3,0,0,0,2,0,1,0,0,5,1,0,1,7,0,0,0,0,7,1,0,0,0,1,4,2,-,0,3,5,0,0,4,2,1,-,0,2,2,0,0,3,0,0,1,0
전남,목포시,부상[명],132,23,5,3,"1,308",353,25,3,3,94,35,2,12,"1,211",323,22,2,4,69,31,6,8,814,334,888,14,-,1,76,31,5,7,"1,157",260,10,-,2,69,31,4,10,842,225,9,0,2
전남,여수시,사고[건],166,33,31,9,775,242,23,2,10,122,35,29,11,851,257,22,1,10,102,37,28,7,678,231,161,14,3,5,90,34,6,24,653,236,16,3,15,106,41,10,12,504,253,18,3,9
전남,여수시,사망[명],7,0,0,0,8,5,3,0,1,10,3,0,0,4,4,1,0,1,8,3,0,0,1,1,2,2,2,1,1,1,0,0,2,3,2,0,1,4,0,1,0,3,0,3,1,2
전남,여수시,부상[명],175,36,32,9,"1,293",473,30,5,9,120,36,38,11,"1,366",505,27,1,10,117,34,29,7,"1,119",391,230,13,1,4,95,33,6,25,962,378,21,4,17,112,43,9,12,749,418,17,2,11
전남,순천시,사고[건],83,50,4,9,567,167,16,3,8,70,35,6,13,580,190,13,-,8,70,30,3,7,447,143,338,14,4,5,52,24,4,3,464,143,18,3,8,78,28,5,7,412,127,14,1,7
전남,순천시,사망[명],4,2,0,1,6,3,1,3,2,5,2,0,0,7,4,1,-,1,2,1,0,0,10,4,0,4,0,0,4,2,0,0,3,3,4,1,0,2,0,0,1,5,3,2,1,1
전남,순천시,부상[명],85,52,4,8,959,368,19,3,7,72,36,6,13,944,340,13,-,8,74,30,3,7,711,280,491,10,9,5,50,22,4,3,779,292,17,2,8,82,30,5,8,622,229,14,0,6
전남,나주시,사고[건],34,6,1,2,361,120,24,8,10,27,9,1,3,244,85,20,6,3,29,8,3,5,213,76,62,9,4,6,27,7,2,2,199,61,15,6,7,27,9,1,3,266,115,21,8,8
전남,나주시,사망[명],2,0,0,1,9,2,2,2,4,2,1,0,0,8,0,3,0,0,3,1,0,0,2,0,0,1,2,1,2,1,0,0,3,0,2,0,0,1,2,0,0,3,4,0,1,2
전남,나주시,부상[명],32,6,1,2,669,250,29,6,6,27,12,1,3,397,190,30,8,3,27,7,3,6,351,157,104,9,2,7,27,6,3,2,326,126,17,7,8,30,8,1,4,505,253,34,10,6
전남,광양시,사고[건],43,8,3,3,358,98,32,4,9,38,11,3,2,342,90,35,7,4,35,18,4,5,257,81,127,12,3,4,32,11,5,1,289,92,13,7,6,44,20,2,3,344,76,22,2,6
전남,광양시,사망[명],2,1,0,0,7,3,0,2,1,2,0,0,1,4,0,6,0,0,2,1,0,0,3,2,0,2,0,2,0,0,1,0,1,3,2,4,3,1,2,0,0,5,0,0,1,1
전남,광양시,부상[명],44,7,3,4,612,162,47,4,9,39,11,3,1,582,168,39,14,5,35,18,4,5,369,151,170,11,4,2,34,11,4,1,428,147,12,6,3,45,21,2,4,530,171,23,4,6
전남,담양군,사고[건],13,5,2,-,140,49,18,4,9,10,2,2,-,140,33,9,5,8,10,5,2,1,128,47,61,9,3,7,9,5,1,2,124,44,10,4,7,8,7,4,-,116,47,8,4,9
전남,담양군,사망[명],1,1,0,-,3,0,0,1,0,0,0,0,-,1,1,0,0,1,0,0,0,0,1,0,0,0,0,1,0,0,0,1,1,0,2,0,1,0,1,0,-,2,1,1,0,0
전남,담양군,부상[명],12,4,2,-,294,116,27,7,12,11,2,5,-,299,72,9,5,9,10,5,2,1,233,103,93,10,3,10,9,6,2,1,214,108,11,5,7,9,6,4,-,191,101,8,5,10
전남,곡성군,사고[건],7,1,-,-,65,17,13,8,3,3,2,1,-,62,15,9,1,6,4,1,-,-,49,16,15,3,2,3,4,1,-,-,44,13,3,3,1,3,1,1,-,52,15,6,2,-
전남,곡성군,사망[명],3,0,-,-,0,1,1,1,1,0,1,0,-,1,1,1,1,0,0,0,-,-,3,1,0,2,0,0,2,0,-,-,1,2,0,0,0,0,0,0,-,1,1,1,0,-
전남,곡성군,부상[명],4,1,-,-,148,28,24,10,3,3,1,1,-,115,19,9,0,6,5,1,-,-,95,35,28,6,2,5,2,1,-,-,75,21,3,4,1,3,1,1,-,87,28,6,3,-
전남,구례군,사고[건],9,5,-,1,56,15,5,1,3,6,5,2,1,46,16,5,-,4,2,1,-,-,42,13,26,5,2,2,5,3,1,2,36,7,7,2,4,1,2,-,-,53,16,5,3,2
전남,구례군,사망[명],3,0,-,0,0,1,1,0,0,2,1,0,0,0,0,0,-,1,0,0,-,-,1,1,0,0,0,1,1,0,0,0,1,0,0,0,0,0,0,-,-,0,2,0,1,0
전남,구례군,부상[명],6,5,-,1,108,37,5,2,3,7,4,3,1,77,30,6,-,5,2,1,-,-,64,27,32,8,4,1,4,3,1,2,66,18,9,4,5,1,2,-,-,102,30,16,2,2
전남,고흥군,사고[건],17,4,6,-,148,45,21,8,18,11,7,5,-,97,41,32,12,8,6,5,3,2,79,32,78,18,8,7,3,3,1,-,51,17,9,-,4,6,5,2,-,24,27,6,4,3
전남,고흥군,사망[명],0,1,0,-,4,4,1,2,5,2,2,0,-,3,1,2,2,1,0,1,0,0,4,4,0,3,0,0,0,0,0,-,2,0,2,-,0,1,0,0,-,2,0,2,1,2
전남,고흥군,부상[명],18,3,7,-,281,140,27,7,22,9,5,5,-,164,79,41,14,7,6,4,3,2,141,62,132,24,13,8,3,3,1,-,83,28,11,-,5,5,5,2,-,34,47,8,9,1
전남,보성군,사고[건],10,11,7,2,135,42,22,9,12,12,6,6,1,116,24,23,5,5,6,5,3,-,85,30,11,15,7,7,5,3,2,-,72,23,8,7,13,5,4,2,-,91,23,17,5,10
전남,보성군,사망[명],0,0,1,1,8,0,1,1,3,0,0,0,0,3,2,2,2,0,2,0,2,-,3,0,0,6,0,1,1,0,1,-,0,0,0,2,1,2,0,1,-,2,2,2,0,0
전남,보성군,부상[명],10,12,6,1,235,86,32,10,10,12,6,7,1,231,49,28,4,5,4,5,3,-,153,55,13,15,7,7,4,3,1,-,111,45,13,6,12,4,4,1,-,154,44,19,6,10
전남,화순군,사고[건],21,6,2,2,135,39,14,4,5,17,4,3,2,129,33,12,3,7,10,6,1,5,141,50,41,6,7,6,15,3,-,2,120,44,8,2,5,11,5,11,5,147,44,12,6,6
전남,화순군,사망[명],4,1,0,1,1,0,0,1,0,2,0,1,0,2,1,3,1,1,0,1,0,0,1,0,0,0,1,0,0,0,-,0,0,0,0,0,0,1,0,2,0,3,1,3,1,0
전남,화순군,부상[명],21,5,2,1,257,95,23,10,5,15,4,3,2,244,83,13,2,12,11,5,1,5,285,100,70,12,12,18,15,3,-,2,219,72,10,2,5,10,6,10,5,253,102,16,9,6
전남,장흥군,사고[건],15,12,3,1,160,38,15,13,10,4,5,5,1,135,25,22,12,13,9,5,5,-,100,31,28,13,7,7,5,6,8,3,77,41,20,3,12,6,10,3,2,74,35,29,1,6
전남,장흥군,사망[명],1,0,0,0,5,0,1,1,2,0,0,1,0,3,0,1,0,2,0,0,1,-,2,1,0,1,1,0,0,0,0,0,2,0,0,0,0,0,0,0,0,0,0,1,0,1
전남,장흥군,부상[명],14,12,3,1,260,87,28,13,11,4,5,4,1,244,39,25,16,18,10,5,5,-,147,47,43,14,10,7,5,6,8,3,160,92,30,3,14,6,10,3,2,124,65,36,1,9
전남,강진군,사고[건],8,5,3,-,111,43,25,4,23,13,4,-,-,137,42,24,17,11,9,7,1,-,123,44,27,30,12,9,9,11,-,-,113,34,15,8,10,10,8,2,-,112,54,27,18,17
전남,강진군,사망[명],0,0,0,-,3,1,0,0,1,0,0,-,-,1,0,1,2,1,1,0,0,-,1,1,1,2,1,0,0,0,-,-,1,1,1,1,0,1,0,1,-,1,1,0,1,0
전남,강진군,부상[명],8,5,3,-,219,77,40,6,25,14,4,-,-,248,68,31,17,13,8,7,1,-,282,111,38,37,11,11,9,12,-,-,208,71,19,8,12,10,8,2,-,222,162,29,20,18
전남,해남군,사고[건],19,5,-,2,168,73,14,8,9,14,5,1,1,143,36,7,2,5,10,5,2,-,132,36,46,14,6,2,21,1,3,-,138,41,10,5,2,10,1,2,3,129,38,9,3,1
전남,해남군,사망[명],3,0,-,0,9,3,1,1,0,1,1,0,0,5,1,3,0,1,0,0,0,-,3,3,2,3,0,0,3,0,0,-,1,2,0,0,0,2,0,0,0,2,2,2,1,0
전남,해남군,부상[명],16,5,-,2,292,116,16,8,14,13,4,1,1,237,64,13,2,5,11,5,2,-,178,69,96,18,11,2,18,1,3,-,205,77,16,6,2,8,1,2,3,184,74,8,6,1
전남,영암군,사고[건],20,10,2,2,227,95,28,11,7,8,2,3,1,196,111,12,4,10,8,9,-,2,181,74,24,12,1,-,11,15,1,1,242,65,17,8,11,10,16,5,1,231,102,12,4,10
전남,영암군,사망[명],2,0,1,0,2,1,3,1,0,0,1,0,0,1,3,1,2,0,1,1,-,1,5,3,0,1,1,-,0,1,0,0,5,1,2,0,4,2,2,0,0,8,3,1,0,1
전남,영암군,부상[명],20,10,1,2,446,215,34,13,8,8,1,3,1,352,237,15,4,13,8,8,-,1,307,146,33,12,0,-,12,15,1,2,431,149,22,8,7,8,14,6,1,406,197,12,7,9
전남,무안군,사고[건],28,12,4,-,167,104,10,3,5,19,2,1,1,139,66,5,6,4,13,4,2,2,166,65,168,7,3,3,13,3,5,1,103,56,3,1,1,10,10,2,1,96,25,5,3,1
전남,무안군,사망[명],1,2,0,-,6,0,2,2,1,1,1,0,0,4,3,1,1,0,1,1,0,0,3,0,3,0,0,0,1,0,0,0,2,1,1,0,1,0,1,0,0,2,1,5,1,1
전남,무안군,부상[명],30,10,4,-,267,168,10,1,8,22,1,1,1,222,123,7,8,4,12,3,3,2,240,121,251,9,3,4,12,3,5,1,154,99,3,1,0,10,9,2,1,135,40,2,3,0
전남,함평군,사고[건],8,3,5,-,94,30,18,2,4,2,4,2,2,96,26,17,5,5,3,2,3,-,92,31,16,10,7,4,6,-,8,-,84,20,12,3,5,6,3,-,-,69,20,16,7,3
전남,함평군,사망[명],3,0,1,-,1,3,1,0,0,0,0,0,0,1,0,2,2,1,0,0,0,-,2,5,0,0,1,1,0,-,1,-,1,0,2,0,0,0,0,-,-,0,1,2,1,0
전남,함평군,부상[명],5,3,4,-,171,52,20,2,4,2,4,2,2,186,64,20,4,4,3,2,3,-,185,54,30,14,6,4,8,-,8,-,155,41,11,3,6,6,3,-,-,132,45,19,6,4
전남,영광군,사고[건],27,9,3,-,123,24,10,10,4,15,9,-,1,106,28,8,2,7,17,10,3,1,66,17,18,6,5,4,12,9,1,2,49,19,5,1,1,14,8,1,1,61,14,7,2,1
전남,영광군,사망[명],2,1,0,-,5,1,1,1,0,1,2,-,0,6,0,1,1,1,0,2,0,0,2,0,0,1,1,1,0,2,0,0,1,0,1,0,0,0,0,0,0,1,0,1,2,0
전남,영광군,부상[명],29,8,3,-,203,54,11,13,4,14,7,-,1,197,53,12,1,8,17,8,3,1,94,27,32,5,4,6,12,7,1,2,77,26,4,1,1,15,9,1,1,101,27,6,1,3
전남,장성군,사고[건],8,3,2,-,85,43,12,1,5,5,3,2,-,91,54,10,4,5,4,6,2,-,96,36,30,6,1,2,5,5,1,1,68,39,9,2,5,5,5,1,-,71,43,3,1,2
전남,장성군,사망[명],1,1,0,-,2,0,0,0,0,1,1,0,-,1,2,0,0,0,1,0,0,-,5,0,1,0,0,0,0,1,0,0,1,3,0,0,0,1,0,0,-,2,0,0,0,1
전남,장성군,부상[명],7,2,2,-,155,105,13,1,7,4,2,2,-,128,114,13,5,7,3,6,3,-,170,70,40,11,1,2,5,4,2,1,110,81,13,3,7,4,7,1,-,121,90,3,1,1
전남,완도군,사고[건],9,5,2,1,87,16,17,7,3,11,3,4,-,59,15,5,1,1,7,4,1,3,54,12,41,8,4,4,5,6,1,2,54,10,9,3,-,10,10,6,1,59,13,3,1,4
전남,완도군,사망[명],0,0,1,0,1,0,1,1,0,1,1,0,-,0,2,1,0,0,0,0,0,0,1,1,0,2,0,1,0,1,0,0,1,0,2,3,-,1,0,0,0,2,0,1,1,0
전남,완도군,부상[명],9,6,2,1,156,38,20,18,4,10,2,4,-,102,31,5,1,1,7,4,1,3,96,17,71,8,4,3,5,5,1,2,95,14,10,0,-,9,11,6,1,79,19,4,0,6
전남,진도군,사고[건],10,4,1,-,68,16,8,1,1,5,6,1,-,51,14,4,-,3,8,3,3,-,56,9,6,1,3,1,6,3,-,3,40,10,-,2,2,6,7,2,-,52,8,8,2,5
전남,진도군,사망[명],3,0,0,-,5,1,0,0,0,1,1,0,-,2,0,1,-,0,2,0,0,-,0,0,0,0,2,0,1,1,-,0,2,1,-,1,0,1,1,1,-,1,1,2,0,3
전남,진도군,부상[명],7,4,1,-,131,20,15,1,4,4,5,1,-,90,21,6,-,5,6,3,3,-,95,19,9,2,3,2,5,2,-,3,50,13,-,1,2,6,6,2,-,87,15,7,2,2
전남,신안군,사고[건],3,1,1,-,51,10,3,-,4,5,2,1,-,35,5,4,4,1,1,2,-,-,30,11,38,5,3,4,-,4,-,-,32,15,7,4,3,1,2,-,1,52,12,2,2,1
전남,신안군,사망[명],1,0,0,-,0,0,0,-,0,2,0,0,-,0,0,1,4,0,1,0,-,-,1,0,2,1,0,1,-,1,-,-,0,0,4,0,1,0,2,-,0,1,1,1,2,0
전남,신안군,부상[명],3,2,1,-,117,26,7,-,5,3,2,1,-,74,12,3,3,1,0,2,-,-,48,34,64,5,3,4,-,3,-,-,87,29,4,5,2,1,0,-,1,97,30,2,0,1
경북,포항시,사고[건],179,62,32,10,"1,225",342,43,3,7,115,61,13,8,"1,081",317,32,3,8,172,54,48,12,"1,461",354,270,32,7,13,138,93,32,18,"1,095",305,22,7,16,155,80,36,24,"1,282",315,29,4,4
경북,포항시,사망[명],7,5,0,0,12,1,2,1,1,6,2,0,0,3,3,3,0,0,5,1,0,0,11,3,0,6,0,1,6,1,1,0,9,1,0,0,1,2,2,0,0,6,2,3,3,0
경북,포항시,부상[명],185,59,33,10,"2,037",683,50,2,6,122,62,13,8,"1,780",563,35,3,10,185,53,49,13,"2,281",665,392,33,9,15,143,94,31,20,"1,681",591,24,7,16,165,85,37,26,"2,031",569,33,9,4
경북,경주시,사고[건],114,57,49,11,"1,032",231,78,19,18,81,53,32,7,743,204,43,14,17,63,43,21,9,692,205,90,36,10,10,67,46,21,6,633,208,37,11,16,82,47,11,11,528,195,35,8,9
경북,경주시,사망[명],3,1,1,0,9,5,7,3,2,5,2,0,0,8,4,3,4,0,5,2,0,0,8,7,1,8,2,2,3,3,0,0,6,5,11,0,4,4,1,0,1,12,4,7,5,0
경북,경주시,부상[명],118,61,50,11,"1,691",490,93,21,17,83,52,35,7,"1,133",369,52,14,19,63,43,23,10,"1,120",372,137,42,9,10,67,44,21,6,970,443,44,12,14,87,49,12,10,789,360,38,5,11
경북,김천시,사고[건],54,32,7,13,331,90,27,6,9,61,26,7,10,265,102,25,9,10,42,18,10,8,276,79,26,18,2,9,37,17,9,2,227,76,17,6,3,44,15,6,-,164,65,11,3,11
경북,김천시,사망[명],3,3,1,0,1,6,2,0,1,5,0,1,0,8,3,4,2,2,1,0,0,0,3,8,0,7,0,1,1,2,0,0,7,3,1,1,0,1,1,0,-,6,1,0,0,1
경북,김천시,부상[명],53,29,6,15,483,154,33,10,10,60,27,6,10,363,150,24,9,8,45,19,10,9,383,125,32,14,4,8,38,15,9,2,333,131,19,11,3,47,14,6,-,221,104,18,3,11
경북,안동시,사고[건],53,9,20,21,475,160,29,15,17,57,6,20,16,453,158,21,7,15,44,6,7,9,307,114,193,7,5,5,44,11,3,2,227,82,23,5,8,55,3,4,3,162,85,26,5,11
경북,안동시,사망[명],0,2,1,0,7,1,4,6,0,3,0,0,0,4,2,3,1,3,3,0,0,0,3,2,6,2,0,1,1,1,0,0,4,2,1,3,2,0,0,0,0,2,1,1,2,1
경북,안동시,부상[명],56,7,19,22,780,276,28,12,18,63,6,20,16,747,331,25,13,14,42,6,9,11,500,257,287,11,6,4,47,11,3,2,404,142,26,5,8,59,3,5,3,281,199,38,12,12
경북,구미시,사고[건],127,16,2,13,496,274,38,9,8,74,11,7,14,492,221,38,2,20,117,15,8,20,661,257,459,37,4,14,95,28,9,11,651,272,31,3,16,106,21,10,11,549,218,38,4,11
경북,구미시,사망[명],6,1,0,1,5,3,4,1,1,2,1,0,0,2,1,3,0,5,5,0,0,0,3,7,3,6,0,0,0,1,0,0,4,7,8,0,1,4,0,0,0,3,4,5,0,1
경북,구미시,부상[명],132,17,2,14,792,468,35,9,9,79,10,7,15,738,416,46,6,15,127,16,8,21,962,430,625,34,5,15,100,28,9,11,975,503,26,3,15,117,21,10,11,777,381,38,4,10
경북,영주시,사고[건],46,14,5,3,263,70,13,3,6,26,8,4,3,190,48,14,5,1,28,17,-,4,252,78,36,6,3,7,35,10,-,8,232,60,8,4,1,26,11,4,1,142,38,6,1,1
경북,영주시,사망[명],5,1,0,0,3,0,0,0,0,1,1,0,0,0,1,2,0,1,1,2,-,0,7,0,0,0,0,1,1,1,-,0,3,4,3,1,1,3,2,1,0,0,0,1,0,1
경북,영주시,부상[명],45,13,5,3,359,128,21,4,7,26,7,4,3,268,94,14,5,0,30,16,-,4,354,125,42,6,3,6,36,9,-,8,312,90,7,4,0,23,10,3,1,201,72,13,1,0
경북,영천시,사고[건],57,14,13,7,390,111,49,4,6,46,9,10,1,385,106,32,7,9,45,4,10,2,423,149,27,27,7,7,36,17,4,5,202,58,14,7,-,39,22,7,4,219,69,17,4,4
경북,영천시,사망[명],8,1,0,1,4,2,3,0,1,2,1,0,0,6,4,5,1,0,0,0,0,0,4,3,0,0,2,2,3,1,1,0,4,5,3,1,-,4,0,0,0,6,2,1,2,1
경북,영천시,부상[명],53,14,13,7,735,212,76,6,7,45,8,10,1,695,210,43,7,11,47,4,10,2,752,278,45,31,5,5,35,17,3,5,337,92,17,11,-,36,22,9,5,350,146,20,5,3
경북,문경시,사고[건],22,12,2,4,197,85,19,5,14,14,9,1,2,159,54,12,14,9,27,10,-,5,152,49,6,7,5,6,10,4,2,7,143,57,5,5,7,12,11,3,9,136,58,14,2,2
경북,문경시,사망[명],1,1,0,0,2,2,1,0,0,1,1,0,0,4,3,0,1,1,0,2,-,0,1,2,0,1,0,1,0,0,0,0,1,2,0,0,0,0,0,0,1,2,2,1,1,0
경북,문경시,부상[명],21,11,2,4,315,172,29,8,17,16,8,1,2,258,111,14,19,8,28,8,-,5,233,111,6,12,6,5,10,4,2,7,222,128,6,9,7,14,14,4,9,166,119,18,1,3
경북,상주시,사고[건],34,6,15,3,361,88,36,10,20,20,9,8,2,285,104,26,8,21,11,15,10,4,205,81,98,21,9,12,19,6,7,3,225,90,18,11,11,18,22,10,2,181,83,20,10,3
경북,상주시,사망[명],2,1,1,0,8,2,5,1,3,7,2,2,0,4,8,3,0,6,2,1,1,1,8,6,0,2,4,2,0,1,0,0,9,4,4,2,0,2,1,1,0,2,4,0,3,0
경북,상주시,부상[명],36,5,15,3,546,152,40,13,22,13,7,7,2,443,182,33,10,17,10,14,9,3,278,164,159,21,7,13,21,5,7,3,297,214,15,12,15,17,21,10,3,261,157,23,8,3
경북,군위군,사고[건],7,3,3,-,67,16,8,2,1,7,-,-,-,46,15,3,2,4,4,-,5,-,67,22,5,6,8,1,1,-,-,1,43,23,9,1,-,1,1,-,-,24,4,3,3,2
경북,군위군,사망[명],2,0,1,-,4,2,0,2,0,0,-,-,-,1,1,1,1,0,1,-,0,-,1,3,1,0,0,0,0,-,-,0,1,1,1,0,-,0,0,-,-,1,0,0,1,0
경북,군위군,부상[명],5,3,2,-,98,44,9,0,1,7,-,-,-,74,29,2,1,6,3,-,5,-,107,44,6,6,15,1,1,-,-,1,73,53,8,1,-,1,1,-,-,35,8,4,2,2
경북,의성군,사고[건],14,6,3,1,125,28,11,6,7,6,6,1,3,114,44,19,10,7,7,1,8,-,122,27,13,15,1,4,10,4,10,-,111,27,21,7,4,4,6,7,-,98,27,16,6,6
경북,의성군,사망[명],3,1,0,0,6,5,1,1,1,1,0,0,0,7,1,1,3,1,1,0,1,-,2,4,0,3,0,0,3,0,1,-,1,1,3,0,0,0,0,0,-,2,0,0,0,0
경북,의성군,부상[명],11,5,3,1,200,43,12,6,6,5,6,1,3,187,65,25,7,7,6,1,7,-,195,37,22,17,1,5,9,4,9,-,165,44,21,12,5,4,6,10,-,147,55,17,7,7
경북,청송군,사고[건],4,-,3,1,48,10,12,3,2,5,-,4,-,28,2,13,2,2,7,7,2,-,41,5,-,6,-,3,3,5,2,-,47,15,6,5,7,8,-,-,-,64,13,5,3,4
경북,청송군,사망[명],2,-,0,0,3,1,1,0,0,2,-,0,-,2,0,0,1,0,2,0,0,-,2,0,-,4,-,1,0,1,0,-,0,0,1,0,0,1,-,-,-,4,0,0,0,0
경북,청송군,부상[명],4,-,3,1,82,12,11,3,2,3,-,5,-,50,3,13,1,2,5,7,2,-,59,8,-,4,-,2,3,4,2,-,80,20,5,7,7,7,-,-,-,114,23,6,3,6
경북,영양군,사고[건],5,3,4,-,29,2,4,4,4,4,1,3,-,41,9,10,7,1,-,5,5,1,33,11,1,4,1,2,5,3,1,-,16,7,3,-,3,3,1,-,-,23,7,5,2,1
경북,영양군,사망[명],0,0,1,-,0,0,0,0,1,0,1,0,-,0,0,0,0,1,-,0,1,0,1,0,0,0,1,0,0,1,0,-,2,0,0,-,0,1,0,-,-,1,0,4,2,0
경북,영양군,부상[명],5,3,3,-,57,2,7,4,3,4,0,3,-,69,16,11,8,0,-,6,4,1,65,16,1,4,0,2,5,2,1,-,26,10,4,-,4,2,1,-,-,38,14,2,0,1
경북,영덕군,사고[건],6,6,8,3,109,44,16,3,8,8,10,8,-,113,39,11,2,5,5,9,7,1,128,51,6,12,10,2,5,6,7,2,113,37,11,7,4,10,11,5,-,122,40,16,10,5
경북,영덕군,사망[명],1,1,0,1,2,0,2,1,1,0,3,0,-,3,1,0,0,1,0,0,0,0,0,1,1,1,1,0,1,2,1,0,1,1,2,1,0,1,0,0,-,3,0,4,0,0
경북,영덕군,부상[명],5,6,8,2,178,82,15,3,8,9,7,8,-,207,105,12,2,6,6,9,7,1,218,102,10,13,11,3,6,4,6,4,208,60,13,9,6,10,11,5,-,213,96,13,12,5
경북,청도군,사고[건],12,7,2,1,129,17,11,6,8,6,5,2,2,100,26,9,2,4,4,4,2,-,106,31,5,8,4,4,7,1,8,1,103,30,4,6,4,8,1,4,1,90,35,5,5,8
경북,청도군,사망[명],1,0,0,0,5,1,1,2,1,1,0,1,1,6,3,1,1,0,0,0,1,-,3,1,0,2,1,2,0,0,0,0,1,0,0,2,1,2,0,0,0,1,1,1,1,0
경북,청도군,부상[명],11,7,2,1,207,47,13,6,9,5,5,1,1,150,56,12,1,5,4,5,1,-,152,44,6,8,3,2,7,1,8,1,160,48,4,4,3,6,1,4,1,140,64,4,7,11
경북,고령군,사고[건],6,3,3,1,102,24,6,-,4,11,6,-,-,80,28,7,1,4,6,3,5,-,81,35,17,10,3,1,3,3,3,-,51,30,11,4,4,3,4,3,1,44,17,3,1,3
경북,고령군,사망[명],0,0,0,0,3,1,0,-,0,1,0,-,-,2,3,1,0,0,2,0,0,-,1,2,0,2,0,0,0,0,0,-,0,0,3,1,0,1,0,0,0,1,0,0,1,1
경북,고령군,부상[명],6,4,3,1,159,39,8,-,4,10,6,-,-,124,42,8,1,5,4,4,5,-,128,56,21,9,3,1,3,3,3,-,74,54,11,3,4,2,4,3,1,67,27,3,0,2
경북,성주군,사고[건],5,4,-,-,117,34,17,9,9,8,4,1,-,90,36,13,3,5,6,3,6,-,88,30,77,11,2,3,7,7,5,-,90,41,19,7,11,5,4,3,-,74,28,15,4,6
경북,성주군,사망[명],0,0,-,-,4,2,1,1,0,1,0,0,-,2,3,1,0,1,1,1,0,-,0,4,2,1,0,0,1,3,0,-,1,2,2,2,1,1,0,0,-,0,5,0,0,0
경북,성주군,부상[명],6,4,-,-,178,61,18,12,12,7,4,1,-,125,68,16,4,5,5,2,6,-,127,63,120,16,2,3,8,4,5,-,159,68,24,5,12,5,5,4,-,139,43,17,6,7
경북,칠곡군,사고[건],55,10,11,4,404,135,47,1,7,28,15,8,5,365,127,58,3,10,29,18,9,9,362,125,80,37,4,11,25,16,11,4,367,137,33,3,7,23,4,4,5,327,96,15,1,6
경북,칠곡군,사망[명],3,1,0,0,4,3,2,0,1,1,2,0,1,5,4,1,1,0,2,2,2,0,3,4,2,3,0,0,1,0,0,0,1,2,2,0,0,1,0,0,0,3,3,5,0,0
경북,칠곡군,부상[명],58,12,16,4,653,300,48,1,11,32,16,9,5,583,242,67,2,10,28,17,9,10,590,262,109,41,4,12,25,16,11,4,623,266,32,3,8,24,4,4,5,494,169,10,1,6
경북,예천군,사고[건],3,14,-,-,130,29,10,5,4,5,13,-,2,118,14,13,2,6,10,14,-,-,95,26,8,7,6,4,4,10,1,1,84,23,8,3,3,7,6,2,1,73,18,5,5,6
경북,예천군,사망[명],0,0,-,-,4,1,0,1,0,2,3,-,0,3,0,2,1,0,0,1,-,-,1,0,0,1,0,1,0,0,0,0,2,1,3,1,1,0,0,0,0,1,1,0,1,0
경북,예천군,부상[명],3,17,-,-,199,52,12,8,4,5,10,-,2,183,29,17,6,6,11,13,-,-,129,41,9,7,11,3,4,11,1,1,111,38,7,3,2,7,6,2,1,105,27,9,8,6
경북,봉화군,사고[건],3,3,1,-,44,18,20,7,8,5,-,1,-,53,17,6,6,7,2,-,1,1,40,8,13,7,1,1,2,3,-,-,37,10,2,1,2,3,-,1,-,41,16,6,4,4
경북,봉화군,사망[명],0,0,0,-,1,0,1,1,0,2,-,1,-,1,0,0,0,3,2,-,0,0,3,0,1,1,1,0,0,0,-,-,0,1,0,0,2,0,-,0,-,4,1,0,0,0
경북,봉화군,부상[명],3,3,1,-,78,47,28,7,9,3,-,0,-,90,24,9,8,7,0,-,1,1,81,12,21,6,1,1,2,3,-,-,63,13,2,1,0,3,-,1,-,69,26,7,4,7
경북,울진군,사고[건],11,2,2,2,93,18,11,8,3,10,2,2,-,47,19,12,4,3,6,1,9,-,39,13,1,5,7,4,7,6,4,-,61,28,13,2,6,12,5,6,-,77,21,23,2,4
경북,울진군,사망[명],3,0,0,0,0,0,0,1,0,0,0,0,-,0,1,1,2,0,1,0,1,-,0,0,0,1,0,0,0,0,1,-,3,1,3,0,1,1,0,0,-,3,1,0,0,0
경북,울진군,부상[명],8,2,2,2,131,31,13,8,3,13,2,2,-,62,40,14,3,3,5,1,8,-,63,18,1,5,10,4,7,6,5,-,128,55,12,2,8,12,5,6,-,124,47,28,3,7
경북,울릉군,사고[건],-,1,-,-,8,-,2,1,3,3,-,-,-,6,1,1,-,1,-,-,1,-,1,-,2,2,-,-,2,1,1,1,7,-,-,1,1,-,5,1,-,9,-,-,-,-
경북,울릉군,사망[명],-,0,-,-,0,-,0,0,0,0,-,-,-,0,0,0,-,1,-,-,0,-,0,-,0,2,-,-,0,0,0,0,0,-,-,0,0,-,0,0,-,1,-,-,-,-
경북,울릉군,부상[명],-,1,-,-,46,-,2,7,3,3,-,-,-,9,3,2,-,0,-,-,1,-,2,-,2,0,-,-,2,1,1,1,11,-,-,1,1,-,5,1,-,11,-,-,-,-
경북,경산시,사고[건],130,30,27,12,614,176,20,1,17,95,10,19,8,554,162,14,3,10,95,16,13,8,447,153,86,16,2,7,113,15,13,7,384,161,11,-,1,92,29,10,7,323,131,9,1,-
경북,경산시,사망[명],4,2,1,0,10,1,1,0,1,5,1,0,0,3,2,3,2,1,6,3,0,0,6,3,0,5,0,0,2,2,0,0,4,6,3,-,0,3,2,1,0,3,2,0,0,-
경북,경산시,부상[명],130,28,26,12,880,316,22,1,16,94,9,21,8,817,281,14,1,9,97,13,13,9,600,250,109,15,2,8,116,13,14,7,546,283,10,-,1,92,29,9,7,464,219,10,2,-
경남,진주시,사고[건],157,28,13,17,332,100,15,2,8,124,15,4,6,242,88,15,2,3,91,31,6,9,281,100,102,8,1,5,97,23,4,4,220,69,8,1,5,106,20,6,6,313,96,6,2,3
경남,진주시,사망[명],3,2,1,1,8,3,3,1,1,3,0,0,0,5,2,4,1,1,6,2,1,1,5,2,3,5,1,1,6,2,0,0,8,3,3,0,0,4,0,0,0,5,4,1,1,1
경남,진주시,부상[명],163,26,12,17,455,171,15,2,7,132,16,4,7,347,146,12,2,2,92,32,5,8,385,146,144,7,0,6,96,22,4,4,266,104,8,1,5,105,20,8,7,436,166,5,1,2
경남,통영시,사고[건],84,19,4,4,282,124,10,3,7,73,13,3,3,252,122,15,6,5,70,12,1,3,250,134,94,13,4,3,60,15,4,1,281,111,21,4,5,49,27,1,3,292,111,24,2,6
경남,통영시,사망[명],2,0,0,0,0,0,1,0,0,2,0,0,0,1,1,3,0,0,3,0,0,0,1,0,0,2,0,0,3,0,0,0,0,1,1,1,0,2,0,0,0,0,0,1,0,0
경남,통영시,부상[명],85,19,4,5,480,275,13,4,10,80,13,3,4,394,240,12,10,5,70,13,1,3,389,254,124,14,5,3,62,15,4,1,434,200,22,7,5,50,28,1,5,463,223,29,2,6
경남,김해시,사고[건],218,46,37,17,"1,044",353,52,9,21,173,27,21,9,969,383,51,2,19,169,42,30,16,926,366,282,35,-,25,188,46,30,24,942,315,39,3,13,192,56,21,15,946,350,31,8,20
경남,김해시,사망[명],8,1,0,0,6,5,6,1,0,9,0,0,0,7,7,3,0,2,8,2,0,0,6,5,3,3,-,2,8,1,2,0,4,2,1,2,0,4,0,0,0,3,1,0,3,3
경남,김해시,부상[명],225,46,37,19,"1,616",702,53,8,21,178,30,23,12,"1,437",648,54,2,21,172,43,32,17,"1,351",635,416,33,-,23,193,49,29,24,"1,319",554,50,1,16,203,59,21,16,"1,412",612,36,5,19
경남,밀양시,사고[건],62,8,14,10,297,75,9,1,5,49,3,12,6,294,75,8,-,4,47,4,10,3,279,66,17,20,1,7,43,5,8,2,254,73,20,3,6,44,3,2,2,228,82,13,4,11
경남,밀양시,사망[명],6,2,2,0,7,2,0,0,1,3,0,2,0,0,0,2,-,0,3,0,1,0,7,0,0,3,0,0,3,0,0,0,3,1,1,1,0,0,0,0,0,2,4,0,0,0
경남,밀양시,부상[명],57,6,13,10,444,127,9,1,6,49,3,10,6,472,129,6,-,11,45,4,11,3,420,114,26,25,1,7,47,5,8,2,348,167,25,8,6,48,3,2,2,345,171,15,7,13
경남,거제시,사고[건],72,36,4,4,443,137,18,3,9,53,18,5,4,279,112,20,1,8,51,29,3,2,327,115,159,22,3,6,61,28,11,10,220,74,14,5,4,50,26,10,7,225,111,21,3,13
경남,거제시,사망[명],1,2,0,0,5,2,1,0,0,2,1,0,0,1,2,1,0,0,1,2,0,0,2,0,2,5,0,0,3,1,0,0,3,0,2,1,0,3,1,0,0,1,1,1,0,1
경남,거제시,부상[명],74,34,4,4,636,305,21,4,18,54,17,5,4,413,197,24,1,9,57,33,4,2,439,208,213,23,3,6,62,27,11,10,333,125,14,5,4,50,26,10,7,327,178,38,4,13
경남,의령군,사고[건],8,6,6,2,78,17,8,3,2,4,2,3,1,71,19,6,1,7,7,2,2,2,78,15,12,6,1,5,4,8,2,-,45,17,8,7,2,3,5,1,-,45,15,9,2,3
경남,의령군,사망[명],0,1,1,0,1,0,1,1,0,1,0,0,0,1,0,2,0,1,1,0,0,0,2,2,0,0,0,1,0,0,0,-,3,0,0,2,0,0,0,0,-,0,1,0,0,0
경남,의령군,부상[명],8,5,5,2,131,35,10,2,2,3,2,3,1,103,33,6,1,9,6,2,3,2,104,28,12,7,4,7,4,9,2,-,53,25,9,7,2,3,5,1,-,60,36,16,3,3
경남,함안군,사고[건],25,3,2,-,126,85,14,4,10,17,4,5,3,121,45,16,7,9,17,1,6,4,140,49,27,10,2,5,11,4,3,5,126,58,11,1,11,21,2,1,2,104,59,10,2,1
경남,함안군,사망[명],1,0,0,-,1,4,3,1,2,0,0,0,0,4,1,3,0,0,2,0,0,0,1,1,0,2,0,0,3,0,0,0,3,1,0,0,2,3,0,0,0,1,2,0,1,0
경남,함안군,부상[명],24,3,2,-,197,175,12,4,10,17,4,5,3,183,82,14,7,10,18,1,6,4,208,91,44,16,2,5,9,4,3,5,179,110,12,2,9,18,2,1,2,171,100,13,2,1
경남,창녕군,사고[건],14,2,-,-,123,41,12,1,4,5,-,1,-,130,37,10,6,8,5,2,2,1,74,37,85,16,1,5,4,3,3,3,93,36,8,-,5,12,10,1,2,94,40,6,2,2
경남,창녕군,사망[명],0,1,-,-,3,1,1,0,0,0,-,0,-,1,4,0,1,0,0,0,0,0,1,0,1,0,0,0,0,1,0,0,2,1,1,-,0,3,1,0,1,1,4,1,1,0
경남,창녕군,부상[명],14,1,-,-,211,71,17,1,4,5,-,1,-,201,69,14,6,10,5,2,2,1,115,75,123,16,1,5,5,2,3,3,140,78,8,-,5,12,10,1,2,145,57,6,2,2
경남,양산시,사고[건],102,13,7,5,580,186,20,5,7,87,10,4,8,532,178,16,4,4,92,15,-,10,784,201,109,18,1,6,81,26,6,11,612,192,22,1,7,101,33,6,9,663,201,21,3,10
경남,양산시,사망[명],6,0,0,0,2,3,4,1,0,2,0,1,1,3,3,0,0,0,5,1,-,0,3,2,2,6,0,0,6,0,0,0,3,1,4,0,0,4,1,0,0,3,1,4,1,1
경남,양산시,부상[명],101,14,7,5,895,336,22,4,7,89,12,3,7,735,319,20,5,4,95,14,-,11,"1,075",334,150,14,1,10,82,26,6,11,796,320,19,1,7,103,33,6,10,912,326,23,2,9
경남,고성군,사고[건],14,20,3,4,93,44,5,2,2,8,10,-,9,98,43,9,3,4,16,9,3,3,87,48,12,5,3,4,16,20,2,2,74,42,11,5,1,14,13,3,3,82,21,7,3,6
경남,고성군,사망[명],0,1,0,1,2,1,1,1,1,1,0,-,0,1,1,2,0,0,3,0,0,0,1,0,0,0,1,1,1,0,0,0,4,2,0,4,0,0,1,0,0,1,0,0,0,0
경남,고성군,부상[명],15,21,3,3,135,86,9,1,1,8,10,-,10,144,75,9,3,7,13,9,3,3,120,68,22,8,2,3,15,20,2,2,103,64,13,2,1,16,12,5,3,127,34,10,3,7
경남,사천시,사고[건],69,25,13,5,322,92,17,5,3,49,17,8,1,319,97,21,4,8,33,11,7,-,305,102,56,23,4,4,34,6,4,2,281,87,13,2,6,43,8,9,3,278,88,7,1,6
경남,사천시,사망[명],3,1,0,0,3,0,1,1,0,1,2,0,0,2,2,1,0,0,4,2,0,-,3,2,0,3,0,1,2,0,0,0,4,0,0,0,1,0,1,1,0,6,5,0,0,1
경남,사천시,부상[명],71,25,14,7,530,221,21,5,3,50,16,9,1,525,190,27,6,8,29,9,7,-,479,206,84,26,4,3,34,6,5,2,453,178,18,2,6,43,7,8,3,407,162,10,1,6
경남,남해군,사고[건],15,14,6,2,86,20,18,12,6,9,7,6,-,105,36,14,10,9,13,13,5,1,94,20,5,20,5,7,8,16,3,-,90,18,9,9,4,8,11,5,-,60,17,12,4,6
경남,남해군,사망[명],2,0,0,0,2,0,1,3,0,2,1,0,-,1,0,1,0,1,0,2,0,0,2,0,0,1,0,0,2,1,0,-,2,1,3,0,0,2,1,0,-,1,0,2,0,0
경남,남해군,부상[명],13,14,6,3,143,37,39,13,13,7,6,6,-,175,67,13,12,10,14,12,5,1,147,37,8,26,6,8,8,15,4,-,165,44,11,16,4,7,11,5,-,103,32,12,5,6
경남,하동군,사고[건],10,3,3,1,74,16,8,3,7,3,5,3,-,56,16,3,2,4,3,8,-,-,31,19,16,2,5,4,2,5,3,4,59,16,5,5,2,6,4,3,1,26,14,-,-,1
경남,하동군,사망[명],3,0,1,0,3,1,0,1,0,1,1,0,-,0,1,1,1,2,0,1,-,-,2,1,0,0,1,2,0,0,0,0,1,2,1,1,1,1,1,1,0,0,0,-,-,0
경남,하동군,부상[명],7,4,2,1,109,31,13,5,10,2,4,3,-,88,22,2,1,2,3,7,-,-,38,30,27,2,4,2,2,5,3,4,84,36,4,8,1,5,3,2,1,43,27,-,-,1
경남,산청군,사고[건],11,8,1,2,85,26,9,8,6,5,4,3,2,86,29,19,8,5,8,2,2,-,87,25,14,19,7,2,3,4,2,1,51,21,9,9,3,12,6,1,-,88,33,15,6,9
경남,산청군,사망[명],0,0,0,0,1,0,0,0,0,2,0,0,0,3,0,1,0,0,0,0,1,-,3,3,0,5,0,0,1,1,0,0,1,2,2,1,0,0,1,0,-,3,1,2,0,1
경남,산청군,부상[명],11,8,1,2,156,54,11,21,6,3,4,3,2,151,59,30,9,7,8,2,1,-,157,42,29,44,7,2,2,3,2,1,100,35,8,10,3,12,5,1,-,151,65,14,7,8
경남,함양군,사고[건],8,12,2,3,95,25,10,11,15,8,9,1,2,73,15,12,4,5,12,6,4,-,89,18,15,12,3,3,11,13,2,3,88,17,13,8,8,12,4,1,3,72,25,14,11,10
경남,함양군,사망[명],0,1,0,0,1,0,0,2,1,0,0,0,0,1,2,0,0,2,0,2,0,-,1,1,0,4,1,0,1,3,1,0,2,0,1,0,1,2,2,0,0,4,2,1,0,0
경남,함양군,부상[명],8,11,3,3,147,46,15,13,16,8,9,1,2,121,29,15,9,8,12,4,4,-,148,30,20,13,4,3,12,11,1,3,140,30,14,22,8,12,2,1,3,134,39,18,14,14
경남,거창군,사고[건],22,9,-,2,144,28,12,4,8,12,12,2,-,130,40,7,1,7,22,10,-,-,154,45,11,9,5,2,15,10,2,1,126,38,17,4,9,15,17,1,1,125,19,7,6,15
경남,거창군,사망[명],1,0,-,0,8,2,2,1,1,0,3,0,-,4,3,2,1,4,1,0,-,-,7,0,0,1,0,0,2,0,0,0,0,2,4,0,0,2,1,0,0,4,2,0,0,1
경남,거창군,부상[명],23,9,-,2,199,38,13,4,7,12,9,2,-,169,56,7,0,10,22,11,-,-,209,66,15,8,8,2,13,10,2,1,179,60,17,4,10,14,16,1,1,170,31,7,8,14
경남,합천군,사고[건],10,3,11,3,94,20,13,9,8,13,6,2,-,113,23,13,13,11,9,7,4,1,71,19,8,11,8,4,4,6,10,1,68,19,8,12,7,8,8,7,2,59,23,18,11,7
경남,합천군,사망[명],0,0,1,0,2,2,1,0,2,1,1,0,-,6,0,1,1,1,1,0,0,0,0,2,0,0,1,0,0,1,1,0,1,1,2,1,0,1,0,0,1,0,1,1,3,2
경남,합천군,부상[명],10,3,10,3,132,33,20,9,6,12,6,2,-,156,52,19,14,10,8,7,4,1,116,27,9,11,11,4,4,5,13,1,119,32,10,12,8,8,10,8,1,88,30,18,8,6
경남,창원시(통합),사고[건],324,161,38,45,"1,258",494,44,5,17,265,98,24,26,"1,270",476,38,1,21,261,51,19,27,"1,153",413,271,31,5,23,256,101,24,25,"1,107",406,27,2,17,279,109,32,41,"1,296",509,28,3,13
경남,창원시(통합),사망[명],17,10,0,3,9,5,4,1,3,15,5,0,1,7,10,7,0,4,14,3,0,1,10,0,0,6,2,4,10,3,2,0,22,6,4,1,0,17,5,2,0,10,5,2,1,1
경남,창원시(통합),부상[명],320,152,39,49,"1,875",927,51,5,15,267,98,24,25,"1,888",820,37,1,17,260,50,20,27,"1,676",755,364,31,3,21,253,103,25,27,"1,521",682,34,3,18,272,109,31,45,"1,813",854,36,2,12
제주,제주시,사고[건],253,38,20,23,"1,026",457,49,10,24,217,78,23,34,"1,068",498,80,7,22,205,64,25,34,"1,097",475,797,77,12,17,243,90,12,33,977,441,66,5,11,241,65,25,31,960,481,68,10,23
제주,제주시,사망[명],8,2,0,0,5,3,2,2,0,8,2,1,0,8,0,10,0,0,4,3,1,0,5,6,5,4,0,3,5,4,0,0,9,1,7,1,0,6,2,0,0,6,1,3,0,1
제주,제주시,부상[명],262,38,20,25,"1,730",859,64,8,34,225,80,24,36,"1,727",888,98,7,24,211,62,24,35,"1,771",925,"1,204",89,15,15,256,94,12,34,"1,604",805,83,6,13,245,65,25,34,"1,536",834,86,16,24
제주,서귀포시,사고[건],75,10,4,-,384,132,62,5,9,74,25,12,7,456,134,86,7,16,72,28,6,5,473,145,363,81,10,16,67,15,4,11,361,142,69,9,16,59,24,12,13,455,156,91,4,23
제주,서귀포시,사망[명],4,1,0,-,6,1,3,0,0,6,2,3,0,5,2,3,0,0,2,1,0,0,5,1,1,1,0,2,2,0,0,0,2,0,2,0,0,0,2,0,0,6,1,3,0,1
제주,서귀포시,부상[명],76,10,4,-,695,263,88,10,10,73,23,11,7,803,271,122,11,17,72,28,7,5,826,307,592,109,18,15,69,16,4,11,567,270,81,10,17,64,22,12,13,796,302,117,4,26
대구,중구,사고[건],63,23,36,10,409,104,5,-,4,36,22,30,11,309,94,5,-,2,31,17,27,16,281,63,111,2,-,1,44,33,32,9,253,82,3,-,2,37,20,23,8,274,95,6,-,2
대구,중구,사망[명],4,0,0,0,4,0,0,-,0,2,2,0,0,2,0,0,-,0,0,1,0,1,1,0,1,1,-,0,1,0,0,0,1,0,0,-,0,0,0,0,0,1,0,1,-,0
대구,중구,부상[명],64,23,36,10,668,229,9,-,4,40,23,32,12,521,152,6,-,2,34,16,27,15,445,115,167,1,-,1,46,35,33,11,397,142,4,-,2,40,21,23,10,448,181,7,-,2
대구,동구,사고[건],139,25,22,14,887,276,26,1,6,80,16,18,18,755,220,23,1,16,111,16,11,17,823,216,302,24,-,10,102,28,25,26,800,204,22,3,17,112,35,22,27,861,212,23,1,6
대구,동구,사망[명],1,1,0,0,5,3,4,1,0,3,0,0,0,5,2,2,0,0,3,0,0,0,7,0,0,2,-,0,3,0,0,0,1,0,2,0,0,6,0,1,0,1,2,3,0,0
대구,동구,부상[명],141,25,22,15,"1,437",510,54,0,6,88,16,18,18,"1,223",382,24,1,18,114,16,11,17,"1,273",416,420,28,-,12,104,28,26,26,"1,217",363,25,3,17,112,37,21,28,"1,332",365,31,1,7
대구,서구,사고[건],68,37,28,25,761,169,7,1,4,32,38,15,18,593,165,3,-,5,63,19,18,19,522,150,131,8,-,2,44,34,16,16,471,145,6,-,9,65,35,24,19,507,176,8,1,7
대구,서구,사망[명],2,1,0,0,2,0,1,0,0,1,3,0,0,2,1,0,-,0,0,1,0,1,3,1,0,1,-,0,1,1,0,0,0,1,0,-,0,1,3,0,0,3,0,0,0,0
대구,서구,부상[명],72,39,28,29,"1,206",306,9,1,11,33,37,15,20,904,301,3,-,5,65,19,18,19,797,305,190,9,-,2,44,33,16,16,690,262,6,-,9,68,33,25,20,770,283,17,1,8
대구,남구,사고[건],76,27,12,14,439,136,7,-,3,41,15,14,19,411,150,7,-,3,42,17,8,19,412,123,62,3,-,3,36,11,1,12,259,97,8,-,2,46,16,2,10,144,117,3,-,1
대구,남구,사망[명],2,1,0,0,0,0,1,-,0,5,0,0,0,1,0,1,-,0,2,0,0,1,0,0,0,0,-,0,1,0,0,0,0,0,2,-,0,1,0,0,0,0,0,0,-,0
대구,남구,부상[명],79,27,12,14,701,244,6,-,3,42,16,14,20,676,273,9,-,3,44,18,8,19,582,199,77,3,-,3,37,11,1,12,362,162,19,-,2,51,16,2,11,216,192,4,-,1
대구,북구,사고[건],150,21,21,29,"1,099",353,17,1,13,114,17,15,23,987,287,17,-,14,142,40,28,30,"1,134",352,221,20,3,15,128,36,15,42,984,304,26,-,15,147,25,9,30,856,291,14,1,7
대구,북구,사망[명],5,1,0,0,7,4,0,0,2,3,1,0,1,4,1,0,-,1,3,0,0,0,4,1,1,2,1,0,6,1,0,1,3,0,1,-,1,5,0,0,0,4,0,1,0,0
대구,북구,부상[명],163,21,21,32,"1,730",643,18,1,11,117,16,15,23,"1,470",490,17,-,13,146,40,29,35,"1,658",606,274,24,2,18,129,36,15,42,"1,439",553,31,-,14,147,25,9,34,"1,269",517,20,2,7
대구,수성구,사고[건],165,29,28,32,"1,232",458,20,-,8,129,35,16,32,"1,014",444,17,1,3,157,39,30,27,943,415,360,22,1,3,135,31,19,29,777,356,12,-,8,123,32,35,38,777,337,22,-,2
대구,수성구,사망[명],1,0,0,0,2,2,2,-,0,3,0,0,0,4,1,0,0,0,0,0,0,0,7,0,1,0,0,0,1,0,0,0,0,1,3,-,2,5,1,0,0,2,0,0,-,0
대구,수성구,부상[명],177,30,29,33,"1,970",810,26,-,10,135,36,16,32,"1,590",747,18,1,4,166,40,31,28,"1,419",702,505,25,1,3,140,31,19,31,"1,182",605,10,-,7,129,31,35,40,"1,173",633,30,-,2
대구,달서구,사고[건],259,62,34,44,"1,823",476,19,-,4,195,40,33,34,"1,589",419,17,-,11,227,51,19,44,"1,426",404,553,16,-,12,221,53,36,42,"1,199",335,20,1,5,191,48,17,38,"1,126",336,17,-,8
대구,달서구,사망[명],7,1,0,0,5,0,2,-,0,7,1,0,0,2,0,1,-,0,3,3,0,0,2,0,3,2,-,0,5,0,0,0,3,2,0,0,0,1,1,0,0,3,0,3,-,3
대구,달서구,부상[명],265,64,34,46,"2,860",834,20,-,6,198,39,33,34,"2,477",717,19,-,11,235,49,19,44,"2,101",647,720,17,-,12,223,55,37,42,"1,822",543,21,1,5,200,49,17,41,"1,596",568,21,-,7
대구,달성군,사고[건],49,4,-,9,258,158,12,-,5,29,1,1,8,180,140,12,2,3,45,5,3,12,267,113,328,15,1,4,44,6,5,15,181,95,16,1,6,54,9,4,10,187,92,18,-,7
대구,달성군,사망[명],3,0,-,1,5,5,1,-,2,2,0,0,0,3,5,4,1,0,2,1,0,0,0,3,1,0,0,1,0,0,0,1,4,2,0,0,0,1,1,0,0,3,1,0,-,2
대구,달성군,부상[명],55,4,-,8,385,281,14,-,4,32,1,1,9,292,248,11,1,3,43,4,3,12,414,193,485,20,2,6,46,6,5,17,282,151,19,1,7,57,8,4,11,274,144,24,-,6
대구,군위군,사고[건],-,-,-,-,-,-,-,-,-,-,-,-,-,-,-,-,-,-,-,-,-,-,-,-,-,-,-,-,-,-,-,-,-,-,-,-,-,3,-,-,-,35,10,6,-,2
대구,군위군,사망[명],-,-,-,-,-,-,-,-,-,-,-,-,-,-,-,-,-,-,-,-,-,-,-,-,-,-,-,-,-,-,-,-,-,-,-,-,-,1,-,-,-,2,0,2,-,0
대구,군위군,부상[명],-,-,-,-,-,-,-,-,-,-,-,-,-,-,-,-,-,-,-,-,-,-,-,-,-,-,-,-,-,-,-,-,-,-,-,-,-,2,-,-,-,63,18,6,-,2
인천,중구,사고[건],56,13,7,7,371,127,13,1,1,24,10,2,3,286,73,6,-,1,31,7,4,5,261,86,19,2,-,-,44,18,7,4,231,90,12,2,-,35,17,7,5,289,140,8,-,2
인천,중구,사망[명],2,0,0,0,1,1,2,0,0,0,0,0,0,2,2,1,-,1,4,1,0,0,5,3,0,0,-,-,4,1,0,0,2,2,2,0,-,2,1,0,0,0,0,1,-,0
인천,중구,부상[명],57,15,7,9,636,281,14,1,1,25,11,2,3,463,126,9,-,0,28,6,5,5,377,155,25,2,-,-,40,20,7,4,357,136,14,2,-,34,17,7,5,426,210,8,-,2
인천,동구,사고[건],20,7,2,1,82,32,1,-,-,15,7,2,3,73,21,-,-,-,9,6,-,1,57,17,5,-,-,-,10,2,2,-,52,26,-,-,1,9,7,2,-,51,25,1,-,-
인천,동구,사망[명],0,0,0,0,3,0,0,-,-,2,0,0,0,1,1,-,-,-,1,1,-,0,1,1,0,-,-,-,0,0,0,-,0,0,-,-,0,0,0,0,-,0,1,1,-,-
인천,동구,부상[명],21,7,2,1,120,53,1,-,-,13,8,2,3,106,30,-,-,-,8,6,-,1,80,22,7,-,-,-,10,2,2,-,82,38,-,-,1,11,7,2,-,67,33,2,-,-
인천,미추홀구,사고[건],132,22,39,11,514,195,3,-,1,99,8,16,8,520,183,5,-,-,116,19,15,13,549,199,128,3,-,2,111,32,5,15,571,216,3,-,3,109,33,9,15,650,242,2,-,2
인천,미추홀구,사망[명],4,1,0,0,3,4,0,-,0,1,1,1,0,4,0,1,-,-,3,0,0,0,2,3,0,1,-,0,3,2,0,0,6,3,0,-,0,2,0,0,1,4,2,2,-,1
인천,미추홀구,부상[명],136,22,39,11,756,322,3,-,1,106,7,15,8,741,291,6,-,-,118,20,17,13,758,326,171,2,-,2,112,30,5,16,807,354,3,-,3,112,33,9,14,891,369,1,-,1
인천,부평구,사고[건],126,46,35,23,486,212,6,-,-,76,30,27,24,625,251,7,-,3,112,24,44,24,677,244,192,8,-,6,81,41,32,27,513,174,7,-,3,94,28,47,36,484,217,5,-,-
인천,부평구,사망[명],5,1,0,1,0,1,0,-,-,1,0,0,0,4,0,0,-,1,4,0,0,0,3,1,0,0,-,2,6,0,1,1,1,0,0,-,1,3,0,0,0,0,1,0,-,-
인천,부평구,부상[명],127,47,35,24,680,349,7,-,-,78,30,29,30,888,411,8,-,2,114,25,45,24,918,368,250,8,-,4,78,44,31,30,671,257,12,-,2,95,32,48,38,644,305,7,-,-
인천,남동구,사고[건],152,28,26,24,964,325,17,-,4,141,29,29,12,923,329,9,-,2,95,22,33,22,874,326,78,11,1,4,116,33,30,19,808,339,9,-,2,112,33,36,26,827,331,8,-,6
인천,남동구,사망[명],7,3,1,0,5,3,1,-,1,7,2,0,0,2,4,1,-,0,4,0,0,0,3,1,0,5,0,0,3,1,0,0,6,3,1,-,1,5,0,0,0,1,3,2,-,0
인천,남동구,부상[명],147,26,26,26,"1,441",561,24,-,3,151,29,29,12,"1,435",541,8,-,2,95,23,33,22,"1,257",507,97,7,1,4,118,33,32,20,"1,233",537,10,-,1,116,33,38,27,"1,183",536,6,-,6
인천,서구,사고[건],119,30,23,16,546,283,10,-,5,92,37,22,28,631,360,8,-,6,112,20,8,19,606,393,358,9,-,5,100,41,16,19,569,320,7,-,1,95,26,7,16,575,298,10,-,4
인천,서구,사망[명],5,2,0,1,4,3,2,-,0,1,2,0,0,7,1,1,-,1,6,0,0,1,4,2,2,4,-,2,3,1,0,0,6,3,0,-,0,2,2,0,0,4,2,1,-,1
인천,서구,부상[명],115,29,23,16,828,488,12,-,6,99,36,22,28,914,569,8,-,8,119,20,8,19,857,588,513,9,-,3,102,40,16,20,846,493,8,-,1,97,25,7,16,804,527,10,-,3
인천,연수구,사고[건],56,17,8,14,294,128,5,-,1,47,14,8,20,330,138,8,-,3,51,14,7,5,292,99,48,4,-,2,32,23,12,8,335,147,11,-,1,60,18,5,14,329,161,4,-,-
인천,연수구,사망[명],1,1,0,0,6,0,1,-,0,0,1,0,1,3,0,2,-,0,1,0,0,1,2,2,0,1,-,1,0,0,0,0,2,1,1,-,1,3,0,0,0,3,1,0,-,-
인천,연수구,부상[명],60,17,8,14,436,211,8,-,1,50,14,11,19,487,226,13,-,3,53,14,9,6,424,151,60,3,-,1,34,24,14,9,473,222,11,-,0,61,18,5,14,449,236,4,-,-
인천,계양구,사고[건],77,22,12,16,417,155,4,-,-,82,21,10,11,476,151,3,1,2,59,32,7,11,373,126,74,3,-,2,32,13,4,19,279,129,4,-,-,34,6,3,10,302,144,-,-,-
인천,계양구,사망[명],4,1,0,0,2,1,0,-,-,0,1,0,0,1,0,1,0,0,0,2,0,0,5,0,1,1,-,0,4,0,0,0,2,1,0,-,-,2,1,0,0,0,1,-,-,-
인천,계양구,부상[명],75,21,12,17,610,255,6,-,-,85,21,11,11,715,242,3,3,2,62,32,7,11,542,189,97,2,-,2,34,13,4,19,403,208,4,-,-,34,5,3,10,463,233,-,-,-
인천,강화군,사고[건],17,1,10,6,98,26,2,1,3,10,3,5,2,116,19,4,5,5,12,6,4,2,123,25,8,2,5,5,10,3,4,2,122,26,5,-,1,14,10,2,-,83,17,5,2,7
인천,강화군,사망[명],1,0,0,0,2,3,2,0,2,2,2,1,0,3,1,0,2,0,1,1,0,0,0,2,0,0,2,0,0,0,0,1,3,2,2,-,0,0,1,0,-,2,0,2,1,3
인천,강화군,부상[명],16,1,10,6,149,50,0,1,1,8,2,4,2,161,37,8,7,6,12,5,4,2,196,34,13,5,3,6,10,3,4,1,180,36,6,-,1,15,10,2,-,143,33,5,1,4
인천,옹진군,사고[건],3,2,-,-,14,1,6,1,2,1,-,-,-,19,8,-,1,-,1,-,1,-,21,5,-,2,-,2,1,1,1,-,9,6,-,3,1,1,2,-,-,10,4,2,1,2
인천,옹진군,사망[명],1,1,-,-,0,0,0,0,0,1,-,-,-,0,0,-,0,-,0,-,0,-,0,0,-,1,-,0,0,0,1,-,1,0,-,1,0,0,0,-,-,0,0,0,1,0
인천,옹진군,부상[명],2,2,-,-,33,4,9,1,2,0,-,-,-,40,14,-,2,-,1,-,1,-,44,17,-,1,-,2,1,2,0,-,18,11,-,2,1,1,2,-,-,12,6,4,0,3
광주,동구,사고[건],63,12,13,4,195,65,4,-,-,24,4,4,2,169,56,10,-,3,31,7,9,5,232,113,98,3,-,6,39,6,6,8,146,80,4,-,-,34,12,6,1,131,60,2,1,-
광주,동구,사망[명],1,2,0,0,1,0,0,-,-,0,0,0,0,1,0,0,-,0,0,1,1,0,0,0,0,0,-,0,3,0,0,1,0,0,0,-,-,0,0,0,0,1,0,0,0,-
광주,동구,부상[명],69,13,14,4,325,146,6,-,-,27,4,4,2,258,90,16,-,3,32,7,8,5,356,206,143,3,-,6,38,6,6,9,234,173,4,-,-,34,13,6,1,188,118,2,1,-
광주,서구,사고[건],144,28,8,14,"1,060",349,9,-,-,104,23,13,14,"1,015",332,19,1,-,84,20,9,9,840,314,427,10,-,3,98,22,9,8,582,301,12,1,4,84,30,7,18,556,277,20,1,1
광주,서구,사망[명],3,0,0,0,1,0,0,-,-,2,0,0,0,3,1,0,0,-,0,0,0,0,1,0,2,1,-,0,4,1,0,0,3,0,0,0,0,1,0,0,0,2,0,1,0,0
광주,서구,부상[명],149,31,8,16,"1,906",616,11,-,-,106,25,13,14,"1,722",575,27,1,-,92,20,9,9,"1,344",500,656,12,-,3,102,23,9,8,941,559,18,1,4,89,31,7,18,956,471,26,1,1
광주,북구,사고[건],181,43,10,7,"1,045",327,26,3,3,121,29,8,14,849,293,21,1,7,97,46,12,22,883,292,554,20,2,10,142,38,14,16,788,339,17,2,4,139,40,14,26,782,338,18,2,10
광주,북구,사망[명],8,0,0,1,2,1,0,0,0,5,0,0,0,5,1,5,0,1,1,0,0,0,4,2,2,1,0,0,5,1,1,0,2,1,0,1,1,3,1,0,0,1,0,2,0,1
광주,북구,부상[명],189,45,10,8,"1,822",609,31,5,3,129,32,8,14,"1,489",563,34,4,8,106,48,12,23,"1,505",516,846,27,2,18,145,39,13,18,"1,303",611,25,2,3,143,40,14,27,"1,268",584,25,2,18
광주,광산구,사고[건],137,35,17,16,"1,018",384,27,-,8,105,18,16,14,"1,080",358,26,-,3,114,18,13,23,"1,094",322,436,28,3,7,126,19,5,24,992,316,24,-,5,86,34,3,29,809,318,23,-,2
광주,광산구,사망[명],5,1,0,1,5,1,0,-,0,2,2,0,1,4,1,1,-,0,2,0,0,0,5,3,1,2,0,0,2,1,0,1,8,2,0,-,1,0,0,0,0,11,3,3,-,0
광주,광산구,부상[명],140,36,18,16,"1,842",745,39,-,8,109,19,17,14,"1,923",704,35,-,9,120,20,13,24,"1,803",570,687,42,3,7,141,20,5,23,"1,596",573,34,-,4,89,35,3,31,"1,244",592,25,-,2
광주,남구,사고[건],88,21,6,1,431,121,10,-,-,75,15,8,2,436,133,6,-,4,56,14,8,3,345,120,136,6,-,1,59,13,4,5,240,98,5,-,1,74,8,5,8,303,138,8,-,-
광주,남구,사망[명],2,0,0,0,2,1,0,-,-,2,0,0,0,2,1,2,-,1,4,0,0,0,2,0,0,0,-,0,0,0,0,0,1,0,0,-,0,1,0,0,0,0,0,0,-,-
광주,남구,부상[명],89,22,6,1,687,232,12,-,-,77,15,8,2,718,259,4,-,3,57,14,8,3,531,223,194,10,-,1,59,13,4,5,346,167,5,-,1,78,8,5,8,426,230,8,-,-
대전,동구,사고[건],99,22,10,9,631,237,8,-,7,68,20,6,5,530,178,13,-,5,62,18,4,9,391,138,311,10,1,3,105,15,10,10,405,124,2,1,1,89,14,13,14,520,139,6,-,-
대전,동구,사망[명],2,1,0,0,3,1,1,-,1,4,0,1,0,3,1,2,-,0,4,0,1,0,1,0,1,1,0,0,5,1,0,0,4,1,1,0,0,0,1,0,0,0,1,0,-,-
대전,동구,부상[명],102,21,10,9,"1,031",472,12,-,9,69,20,5,5,814,328,17,-,6,61,19,3,11,593,222,468,11,1,5,109,14,10,11,618,232,2,1,1,94,16,14,15,792,251,7,-,-
대전,중구,사고[건],127,49,25,17,574,227,6,-,3,89,24,15,13,410,156,7,1,1,60,13,5,9,279,107,424,4,-,2,59,23,13,23,294,95,1,-,1,34,12,2,17,282,124,2,-,1
대전,중구,사망[명],5,0,0,1,2,0,0,-,0,3,1,0,0,3,1,0,0,0,3,0,0,0,3,1,2,2,-,0,2,0,0,0,0,0,0,-,1,0,0,0,0,1,0,0,-,0
대전,중구,부상[명],133,49,25,18,945,440,7,-,3,93,23,15,13,618,284,10,1,1,59,14,5,10,425,185,647,3,-,2,60,24,13,24,459,168,3,-,0,37,12,2,17,415,214,4,-,1
대전,서구,사고[건],204,31,43,26,908,355,16,-,1,143,13,50,13,704,326,6,-,3,127,16,27,15,551,250,914,8,1,2,112,29,54,31,621,288,5,-,2,145,23,27,41,642,285,13,1,2
대전,서구,사망[명],9,0,0,0,4,0,2,-,0,8,0,0,0,1,2,0,-,1,5,1,1,0,2,1,2,0,0,0,2,0,0,0,2,0,0,-,0,4,0,0,1,3,1,3,1,0
대전,서구,부상[명],213,32,43,26,"1,545",697,15,-,1,147,13,53,15,"1,085",581,6,-,2,130,15,27,15,788,436,"1,329",8,1,2,114,29,54,32,954,465,5,-,3,147,27,27,45,947,524,16,0,2
대전,유성구,사고[건],98,12,13,7,638,407,13,-,4,71,10,6,7,564,333,12,-,5,80,13,1,10,627,364,675,10,-,6,68,10,4,10,518,239,11,1,2,74,15,2,18,523,267,7,-,3
대전,유성구,사망[명],4,1,0,0,5,0,0,-,1,4,0,0,0,0,0,2,-,0,4,0,0,0,2,3,3,1,-,1,2,0,0,0,3,2,1,0,0,0,0,0,0,3,2,0,-,1
대전,유성구,부상[명],100,12,13,7,"1,045",728,19,-,3,70,10,7,7,862,598,10,-,6,87,13,1,10,985,637,"1,034",10,-,6,66,10,4,11,806,396,16,2,24,77,15,2,21,797,473,9,-,3
대전,대덕구,사고[건],50,4,3,5,123,115,5,-,1,47,3,4,6,129,88,4,-,-,52,10,7,10,278,127,298,10,-,-,55,18,8,6,330,144,7,-,2,51,25,3,3,322,170,6,-,3
대전,대덕구,사망[명],2,0,0,0,1,2,0,-,0,3,1,0,0,2,1,0,-,-,2,1,0,0,1,0,1,0,-,-,0,0,0,0,2,2,1,-,0,2,0,0,0,2,1,0,-,0
대전,대덕구,부상[명],50,4,3,5,192,181,8,-,2,47,2,4,6,190,159,7,-,-,51,9,7,12,422,227,436,12,-,-,57,18,8,6,479,260,6,-,2,53,25,3,3,499,322,6,-,3
울산,중구,사고[건],98,34,14,12,325,99,22,-,1,56,20,8,8,294,78,11,-,7,70,16,5,7,329,93,38,4,1,4,66,21,1,6,262,73,5,-,3,76,20,4,6,285,68,9,1,1
울산,중구,사망[명],2,1,0,0,0,1,1,-,0,1,0,0,0,4,1,1,-,0,1,1,0,0,1,0,0,1,0,0,3,0,0,0,1,0,0,-,0,1,0,0,0,2,0,0,0,0
울산,중구,부상[명],106,33,14,13,514,196,23,-,1,61,20,8,8,441,121,11,-,10,72,15,5,7,471,157,53,3,1,5,70,23,1,8,396,138,9,-,3,79,22,5,7,467,133,10,1,1
울산,남구,사고[건],160,40,22,13,586,245,12,1,7,118,22,19,8,489,192,14,3,8,112,21,28,21,620,204,68,11,-,4,108,29,39,23,550,165,8,-,3,134,37,32,19,576,184,12,-,4
울산,남구,사망[명],2,0,0,0,2,0,2,0,1,4,1,0,0,4,0,0,0,0,7,0,0,0,3,2,0,0,-,0,0,2,0,0,1,0,0,-,0,5,0,0,0,1,1,1,-,0
울산,남구,부상[명],165,41,23,13,888,422,13,2,8,119,22,19,8,698,346,17,3,10,113,22,28,22,850,341,86,13,-,4,116,29,40,26,745,264,8,-,3,132,38,34,19,770,307,12,-,4
울산,동구,사고[건],59,11,4,16,264,83,8,-,6,54,18,7,7,266,68,12,-,4,45,16,23,13,214,79,37,4,-,10,55,25,16,13,205,84,3,1,9,51,17,16,8,193,49,1,-,3
울산,동구,사망[명],1,0,0,0,0,0,0,-,0,0,0,0,0,0,0,3,-,0,1,0,0,0,1,0,0,0,-,0,1,0,0,0,1,0,0,0,0,0,0,0,0,2,0,0,-,0
울산,동구,부상[명],63,11,4,17,336,162,10,-,6,58,19,7,8,356,124,9,-,4,48,17,27,14,293,128,39,4,-,12,59,26,16,13,273,118,3,1,10,52,17,16,8,252,75,1,-,3
울산,북구,사고[건],60,14,6,9,346,109,19,-,11,34,7,3,7,337,115,12,4,3,54,10,4,7,392,174,51,31,2,5,57,15,6,14,407,171,17,3,15,57,14,8,8,419,151,15,-,4
울산,북구,사망[명],1,1,0,0,4,1,2,-,0,1,3,0,0,3,2,1,0,0,1,0,0,0,3,1,0,1,0,0,0,0,0,0,1,6,0,1,1,3,1,0,0,0,2,0,-,0
울산,북구,부상[명],62,13,6,9,559,213,23,-,12,37,4,3,9,549,227,11,5,4,57,10,4,9,599,303,69,35,2,5,60,17,6,16,649,338,23,2,14,62,15,10,8,646,271,16,-,4
울산,울주군,사고[건],78,10,19,8,366,131,39,3,11,42,10,16,4,315,138,21,2,8,50,21,13,11,357,143,43,30,6,8,40,13,8,7,302,131,40,2,5,43,8,5,11,349,122,30,1,9
울산,울주군,사망[명],5,0,0,0,5,5,2,2,1,2,1,0,0,1,5,2,0,0,3,0,0,0,6,2,0,4,1,0,1,1,0,0,2,1,4,1,0,4,0,0,1,4,3,0,0,1
울산,울주군,부상[명],75,11,20,8,585,248,52,8,11,41,9,18,4,493,254,23,2,12,48,22,13,11,555,239,54,39,7,9,41,13,8,7,477,264,49,1,6,41,8,5,12,531,245,39,1,11
세종,세종시,사고[건],64,12,-,11,400,174,21,1,6,38,17,4,7,397,150,10,2,3,50,16,2,9,386,149,118,10,-,3,60,12,3,23,381,144,16,3,9,66,10,5,12,535,226,20,4,13
세종,세종시,사망[명],1,1,-,0,3,3,5,0,0,1,0,0,0,2,3,0,0,0,1,1,0,0,1,2,1,0,-,7,2,1,0,0,5,1,3,2,0,0,2,0,0,1,6,1,0,1
세종,세종시,부상[명],67,11,-,11,591,303,19,1,6,41,18,4,7,515,245,10,2,3,50,15,2,10,502,236,154,11,-,7,64,11,3,26,557,267,18,1,11,73,8,5,13,792,416,22,4,14
경기,용인시,사고[건],263,39,20,28,"1,300",664,52,4,17,200,41,4,22,"1,275",622,39,1,13,193,43,10,48,"1,323",740,966,44,5,7,194,51,7,57,"1,120",761,33,1,6,175,62,11,54,"1,130",741,45,1,7
경기,용인시,사망[명],8,2,0,1,5,8,3,0,1,5,4,1,0,4,7,5,0,3,4,1,1,0,6,10,3,1,1,1,8,2,0,2,4,5,3,0,0,1,2,1,1,2,13,2,0,2
경기,용인시,부상[명],268,37,21,27,"2,162","1,414",59,4,24,206,37,3,24,"2,004","1,287",37,2,11,202,46,9,49,"2,045","1,347","1,399",57,6,7,199,49,7,56,"1,777","1,443",37,1,8,181,62,10,59,"1,615","1,546",69,1,5
경기,안성시,사고[건],36,7,8,3,331,173,36,1,5,30,5,10,2,446,176,26,4,6,40,8,9,4,316,232,339,21,2,9,56,9,7,4,292,157,13,2,8,48,13,3,5,362,196,19,3,7
경기,안성시,사망[명],1,0,0,0,3,1,0,0,2,0,0,1,0,0,2,4,0,1,4,1,1,1,3,5,4,1,0,1,1,0,0,0,3,5,1,0,3,1,0,0,1,3,4,3,0,2
경기,안성시,부상[명],40,7,9,3,596,361,54,1,3,33,5,9,2,753,379,24,4,5,37,7,8,4,515,493,513,21,5,8,57,10,7,5,499,342,14,5,6,50,14,3,5,592,387,23,3,5
경기,김포시,사고[건],127,20,7,8,649,275,18,2,8,85,25,2,9,509,374,23,3,12,80,26,7,11,429,343,709,22,2,3,78,31,4,20,459,362,21,2,10,96,16,7,14,346,361,24,-,7
경기,김포시,사망[명],6,1,0,0,3,6,1,0,0,6,0,0,0,6,8,2,1,1,2,1,0,0,2,3,3,1,0,0,0,1,0,0,1,1,2,0,1,2,0,0,0,1,1,1,-,0
경기,김포시,부상[명],125,19,7,9,"1,043",549,43,4,10,84,25,2,9,811,731,24,2,12,87,26,7,13,655,599,"1,100",28,2,3,81,32,4,21,695,653,22,2,9,117,16,7,17,513,665,31,-,7
경기,동두천시,사고[건],47,12,3,3,210,60,9,-,1,29,4,4,2,165,39,4,-,2,29,3,3,7,161,63,56,2,-,2,22,5,1,5,145,26,3,-,-,17,5,1,6,121,48,5,2,3
경기,동두천시,사망[명],1,1,0,1,1,0,1,-,0,3,0,0,0,0,0,1,-,0,0,0,0,0,0,0,2,0,-,0,1,0,0,0,1,0,1,-,-,0,0,0,0,0,1,1,2,0
경기,동두천시,부상[명],48,11,3,2,316,90,8,-,2,27,4,4,2,243,66,3,-,2,29,3,3,7,232,100,69,4,-,2,22,5,1,6,211,46,3,-,-,17,5,1,7,179,66,4,0,3
경기,과천시,사고[건],13,3,1,4,67,52,3,-,-,5,3,-,4,66,44,2,1,-,8,-,-,1,63,39,37,1,-,-,11,1,3,1,98,49,4,-,2,8,2,1,1,77,38,-,-,-
경기,과천시,사망[명],1,0,0,0,0,0,0,-,-,1,1,-,0,1,1,0,0,-,0,-,-,0,0,0,1,0,-,-,1,0,0,0,0,0,2,-,1,0,0,0,0,1,0,-,-,-
경기,과천시,부상[명],12,3,1,4,128,94,3,-,-,5,2,-,4,105,77,2,2,-,8,-,-,1,91,74,58,1,-,-,10,1,3,1,155,114,4,-,1,9,2,1,1,106,63,-,-,-
경기,군포시,사고[건],60,3,5,10,169,82,4,-,-,46,2,2,6,165,87,6,-,2,43,1,2,8,94,69,295,6,-,4,65,24,16,8,224,91,2,-,4,49,8,8,9,180,83,4,1,-
경기,군포시,사망[명],1,0,0,0,0,0,0,-,-,2,0,0,1,1,1,0,-,0,1,0,0,0,1,0,3,1,-,0,4,1,0,0,1,2,0,-,0,1,1,0,0,0,0,1,0,-
경기,군포시,부상[명],63,3,5,11,280,188,5,-,-,46,2,2,7,267,159,7,-,2,46,1,2,12,165,129,431,7,-,4,65,23,16,9,351,185,2,-,4,54,7,8,9,267,148,4,1,-
경기,남양주시,사고[건],210,34,11,21,872,393,33,2,19,160,40,11,13,720,444,42,3,24,151,29,15,21,814,425,473,26,3,6,179,46,11,28,750,362,33,2,5,148,32,7,27,764,347,18,1,12
경기,남양주시,사망[명],6,1,0,0,8,4,2,0,3,6,3,0,0,6,4,6,1,0,3,0,0,0,4,3,2,2,0,0,6,0,0,0,3,4,4,2,1,5,0,0,0,1,3,4,0,3
경기,남양주시,부상[명],220,34,12,22,"1,469",839,39,2,20,161,39,11,13,"1,161",844,48,2,28,155,30,15,23,"1,228",801,749,64,3,7,182,47,12,32,"1,209",645,41,2,4,150,34,7,31,"1,213",645,18,2,9
경기,오산시,사고[건],91,9,4,2,461,165,7,-,2,77,11,4,8,427,148,13,-,7,68,19,5,9,464,147,301,16,-,1,69,13,3,10,486,145,14,2,8,67,17,8,14,422,137,11,-,6
경기,오산시,사망[명],2,0,0,0,2,0,0,-,0,1,0,0,0,3,0,0,-,0,1,0,0,0,3,0,0,0,-,0,1,0,0,0,0,2,2,0,2,1,2,0,0,1,0,0,-,0
경기,오산시,부상[명],95,9,4,2,689,340,15,-,2,80,11,4,8,638,256,15,-,8,69,20,5,9,679,262,430,18,-,1,72,13,3,11,705,246,16,2,6,72,19,8,15,591,244,13,-,7
경기,의왕시,사고[건],32,14,2,4,165,104,7,2,1,26,8,3,5,138,99,11,-,1,17,10,1,5,149,106,113,2,1,-,17,4,-,5,109,82,1,-,3,18,5,-,4,151,68,5,-,2
경기,의왕시,사망[명],2,2,0,0,0,2,2,0,0,1,1,0,0,1,1,1,-,0,0,0,0,0,0,2,1,0,0,-,3,1,-,1,1,3,0,-,0,1,0,-,0,0,0,2,-,0
경기,의왕시,부상[명],30,12,2,4,256,226,24,2,1,26,7,3,6,197,206,12,-,1,22,10,1,6,211,189,150,3,1,-,14,3,-,5,152,177,1,-,3,17,5,-,4,249,128,7,-,2
경기,하남시,사고[건],57,9,3,6,288,161,19,1,6,44,3,2,4,383,178,14,-,8,53,6,2,14,394,162,440,9,-,5,51,4,1,6,372,171,12,-,2,37,6,3,20,394,185,11,-,4
경기,하남시,사망[명],5,0,0,0,3,3,3,0,0,2,0,0,0,4,0,2,-,0,2,0,0,0,2,2,1,1,-,0,0,0,0,0,1,1,0,-,1,1,0,0,0,4,0,2,-,0
경기,하남시,부상[명],59,9,3,7,457,306,26,1,9,46,3,2,4,595,338,13,-,8,53,6,2,15,593,317,617,9,-,5,54,4,1,8,564,289,14,-,1,39,7,3,21,599,312,18,-,4
경기,수원시,사고[건],356,73,35,39,"1,593",798,19,2,14,228,61,40,39,"1,590",720,36,1,13,251,60,26,42,"1,618",785,"1,272",34,-,15,249,102,73,59,"1,586",806,26,2,10,239,80,61,56,"1,681",802,37,-,10
경기,수원시,사망[명],11,1,0,0,4,3,0,0,1,5,1,0,0,6,4,4,0,2,0,0,0,0,8,3,3,1,-,0,5,2,0,0,7,1,4,0,0,10,3,1,1,4,3,2,-,0
경기,수원시,부상[명],362,75,36,40,"2,394","1,479",28,2,14,238,63,40,43,"2,419","1,311",48,1,11,265,63,26,44,"2,407","1,442","1,837",40,-,17,258,105,77,62,"2,346","1,387",28,2,11,256,78,62,61,"2,484","1,396",41,-,10
경기,성남시,사고[건],240,46,48,40,"1,112",671,21,3,8,175,39,29,28,992,553,22,-,9,162,34,42,28,832,464,"1,361",20,1,7,199,27,35,36,782,456,15,1,5,137,33,25,36,874,469,19,1,6
경기,성남시,사망[명],14,3,0,0,6,4,3,0,0,2,2,0,0,8,6,1,-,1,3,1,0,0,3,4,6,2,0,3,6,0,1,0,6,2,2,0,0,4,2,0,0,2,3,3,0,0
경기,성남시,부상[명],246,44,48,43,"1,781","1,374",44,3,9,180,37,29,29,"1,471",964,23,-,9,172,36,42,31,"1,233",837,"1,908",19,4,4,204,27,35,39,"1,152",834,14,2,5,137,31,25,37,"1,326","1,043",17,1,7
경기,의정부시,사고[건],184,38,43,18,725,283,11,-,-,140,19,43,12,791,300,16,-,2,150,29,25,18,727,251,313,14,1,3,155,64,31,22,737,267,13,-,4,113,49,17,18,675,238,11,-,2
경기,의정부시,사망[명],10,0,0,0,1,2,1,-,-,1,1,0,0,4,2,3,-,1,5,1,0,0,3,2,1,0,0,0,2,3,0,0,4,0,2,-,0,4,0,0,0,2,1,0,-,1
경기,의정부시,부상[명],180,40,44,19,"1,111",561,12,-,-,146,18,43,13,"1,206",568,15,-,1,154,28,25,19,"1,052",461,428,14,1,3,166,61,33,22,"1,048",472,12,-,4,119,50,17,18,959,461,12,-,1
경기,안양시,사고[건],132,54,11,20,799,250,5,-,16,88,38,6,19,676,183,4,-,6,60,25,10,12,475,176,264,6,-,8,77,33,9,19,365,153,4,-,4,81,27,2,21,446,165,7,-,5
경기,안양시,사망[명],3,1,0,0,5,5,1,-,1,3,0,0,0,5,0,0,-,0,2,0,0,0,3,1,0,1,-,1,1,1,0,1,2,2,0,-,0,5,1,0,0,3,2,0,-,1
경기,안양시,부상[명],138,55,17,20,"1,264",442,32,-,16,90,39,8,23,"1,039",340,5,-,6,58,27,10,12,757,282,363,22,-,7,86,32,10,19,548,276,5,-,4,82,28,2,23,658,312,8,-,4
경기,부천시,사고[건],317,69,42,32,"1,331",415,17,-,4,216,41,36,28,"1,283",425,16,-,4,218,66,20,35,"1,066",455,"1,066",12,-,6,189,124,46,62,"1,154",543,17,1,3,232,102,26,60,"1,247",546,12,-,10
경기,부천시,사망[명],4,2,0,0,9,2,0,-,0,7,1,0,0,2,2,4,-,0,3,4,0,0,5,2,1,0,-,0,6,0,1,0,2,1,2,0,0,5,2,0,0,3,1,1,-,1
경기,부천시,부상[명],329,68,43,33,"2,054",686,22,-,4,221,41,36,31,"1,930",738,23,-,4,229,63,21,38,"1,563",718,"1,496",13,-,6,198,126,45,63,"1,642",929,19,1,4,237,102,26,61,"1,787",852,16,-,12
경기,안산시,사고[건],242,85,28,37,"1,526",508,48,5,8,190,47,21,18,"1,498",556,40,-,16,169,64,14,28,"1,264",496,"1,449",32,1,8,167,79,9,37,"1,252",501,27,1,19,130,70,16,55,"1,192",506,28,1,8
경기,안산시,사망[명],6,1,0,0,7,5,2,0,0,7,0,0,0,4,7,4,-,2,2,2,1,0,3,3,4,1,0,0,2,1,0,0,2,6,1,0,1,4,1,0,1,1,2,3,0,0
경기,안산시,부상[명],248,89,28,48,"2,485",961,76,5,9,191,49,21,18,"2,355","1,001",48,-,14,176,66,14,29,"1,886",835,"2,161",37,1,13,181,78,9,41,"1,904",865,28,1,18,134,75,16,62,"1,785",926,37,1,9
경기,평택시,사고[건],171,69,10,13,"1,278",657,65,7,19,153,43,12,18,"1,255",549,68,3,16,138,30,14,20,"1,227",615,910,51,3,18,166,49,10,53,"1,377",559,40,8,26,134,43,12,28,"1,121",558,51,3,23
경기,평택시,사망[명],4,1,0,1,17,8,5,1,2,8,3,2,2,4,8,1,1,1,4,0,0,0,9,10,5,3,1,0,9,2,0,0,13,12,6,1,1,5,2,0,0,3,8,4,0,0
경기,평택시,부상[명],184,68,10,13,"2,182","1,346",81,7,19,158,41,10,21,"1,933","1,035",75,2,15,140,31,14,20,"1,943","1,148","1,334",57,5,49,176,47,10,60,"2,151","1,027",41,7,26,139,43,13,30,"1,662","1,008",53,3,25
경기,광명시,사고[건],86,34,18,14,495,137,9,-,1,59,13,14,15,440,146,13,-,1,65,18,8,7,386,165,224,9,1,1,62,18,8,15,362,124,4,-,3,73,9,15,17,388,187,8,1,-
경기,광명시,사망[명],2,0,0,0,1,1,2,-,0,1,0,0,0,1,0,2,-,0,2,0,0,1,2,1,3,1,0,0,2,1,0,0,4,1,0,-,0,2,0,0,0,0,0,1,0,-
경기,광명시,부상[명],90,34,19,16,715,275,11,-,1,64,13,15,18,659,253,14,-,1,67,18,8,7,546,273,300,12,1,1,66,19,9,20,558,186,4,-,3,74,9,15,17,565,338,7,1,-
경기,구리시,사고[건],44,39,7,17,270,114,4,-,4,41,24,3,15,291,112,5,-,1,35,14,5,4,259,132,204,8,-,1,38,10,2,15,219,137,3,-,-,33,17,2,9,221,137,3,1,2
경기,구리시,사망[명],1,0,0,0,1,0,1,-,1,1,0,0,1,0,3,1,-,0,1,1,1,1,0,1,1,2,-,0,0,0,0,0,1,0,0,-,-,2,0,0,0,0,0,1,0,1
경기,구리시,부상[명],45,39,7,17,419,208,3,-,3,41,24,3,14,468,199,5,-,1,38,13,4,3,400,225,304,7,-,1,39,12,2,16,338,268,3,-,-,32,17,3,9,365,224,2,1,1
경기,양주시,사고[건],55,15,10,13,487,165,42,1,6,45,15,3,9,452,175,19,2,7,41,12,1,9,451,168,231,16,3,6,46,15,2,19,452,203,20,2,9,47,8,1,14,512,225,27,1,7
경기,양주시,사망[명],1,1,0,0,6,1,4,0,1,1,4,1,1,1,1,2,0,1,0,1,0,1,0,2,0,2,0,0,2,1,0,0,4,3,1,0,2,2,0,0,0,3,1,3,0,0
경기,양주시,부상[명],57,15,11,13,760,307,53,1,5,45,11,2,9,730,303,21,4,9,42,11,1,8,668,298,325,20,5,7,49,14,2,21,676,334,22,2,7,46,9,1,15,747,362,27,5,7
경기,여주시,사고[건],22,8,8,4,136,115,34,7,7,12,10,4,-,157,108,14,1,4,17,9,4,4,177,124,133,14,2,4,17,12,5,4,201,109,19,3,7,21,6,7,1,171,120,12,2,2
경기,여주시,사망[명],3,1,1,0,3,3,0,0,2,1,0,0,-,3,4,1,0,1,2,1,0,0,2,3,2,1,0,0,0,0,1,0,2,2,4,1,0,0,0,0,0,4,0,1,1,0
경기,여주시,부상[명],20,8,8,4,230,291,39,7,5,11,11,5,-,284,255,13,1,3,18,8,4,4,327,271,224,16,4,5,17,12,4,4,333,265,26,2,11,22,6,7,1,288,282,13,1,2
경기,화성시,사고[건],184,29,9,18,997,520,58,1,11,127,34,8,21,924,516,57,6,10,140,24,6,32,"1,097",514,997,43,4,10,171,33,11,40,"1,167",549,40,4,9,173,24,14,37,"1,103",550,60,7,14
경기,화성시,사망[명],8,1,0,0,5,4,5,0,2,4,3,0,1,5,9,6,3,0,2,1,1,0,1,7,11,3,1,0,4,2,0,1,5,13,0,1,1,4,1,0,0,5,7,6,1,1
경기,화성시,부상[명],181,30,9,19,"1,607","1,125",95,1,14,132,31,8,21,"1,415",944,79,3,12,145,25,5,33,"1,599",937,"1,533",46,4,14,182,32,11,41,"1,806",962,43,4,9,177,25,15,42,"1,645","1,084",95,6,13
경기,시흥시,사고[건],134,32,20,14,"1,035",360,43,1,8,79,35,13,11,"1,002",320,19,1,11,115,42,18,13,"1,105",371,514,30,1,15,116,29,3,15,"1,087",315,42,1,7,84,28,10,16,976,350,24,-,4
경기,시흥시,사망[명],4,1,0,0,11,4,1,0,2,4,2,0,0,4,5,1,0,1,5,2,0,0,6,4,3,5,0,1,5,1,0,0,2,2,3,0,2,4,0,0,0,3,7,3,-,0
경기,시흥시,부상[명],135,31,20,16,"1,717",697,71,1,6,79,37,14,11,"1,597",560,20,1,11,116,43,19,13,"1,716",655,835,43,1,14,120,29,3,16,"1,706",537,48,1,5,92,29,10,16,"1,570",584,28,-,4
경기,파주시,사고[건],135,16,31,13,734,281,39,2,8,94,5,25,14,615,247,29,6,8,119,28,17,24,797,272,279,32,2,10,107,45,21,18,764,275,48,6,10,122,28,17,18,736,290,42,6,11
경기,파주시,사망[명],4,1,0,0,6,3,4,0,0,7,1,2,0,6,3,2,0,2,2,1,0,2,9,0,3,6,0,1,6,0,1,0,10,3,2,0,0,3,1,0,0,3,2,5,2,1
경기,파주시,부상[명],139,16,36,14,"1,143",503,55,3,8,94,4,23,14,880,417,34,7,7,120,31,17,23,"1,180",476,407,34,3,9,106,47,22,19,"1,167",468,65,9,22,126,30,18,18,"1,148",484,46,4,12
경기,고양시,사고[건],343,58,30,50,"1,845",628,51,3,11,238,40,16,26,"1,628",599,44,3,15,263,53,9,36,"1,788",703,324,35,1,18,270,90,19,63,"1,556",629,46,4,17,236,67,12,59,"1,625",624,50,1,10
경기,고양시,사망[명],13,1,0,1,13,5,2,0,0,9,0,0,1,7,4,2,0,0,5,2,0,0,13,4,1,6,0,0,6,3,1,1,13,2,2,0,1,6,1,0,0,5,3,3,0,0
경기,고양시,부상[명],355,60,31,50,"2,871","1,162",64,3,11,244,41,16,25,"2,460","1,041",50,3,17,273,54,10,40,"2,621","1,210",422,39,1,18,277,93,19,65,"2,347","1,094",51,4,17,246,66,12,64,"2,484","1,144",66,2,14
경기,광주시,사고[건],109,36,14,5,807,310,30,4,8,86,29,9,6,822,375,26,4,6,88,31,12,14,792,497,569,30,4,11,105,42,12,23,769,473,35,6,7,112,29,5,15,743,407,45,2,6
경기,광주시,사망[명],5,1,0,0,3,5,1,1,0,6,0,0,0,7,4,0,2,1,5,2,0,0,0,3,1,3,0,0,2,1,0,0,2,1,1,1,0,4,0,0,0,2,4,5,0,0
경기,광주시,부상[명],107,36,15,5,"1,263",666,30,4,10,87,32,9,6,"1,253",732,34,3,6,94,30,12,15,"1,184",986,859,37,6,13,107,41,12,23,"1,171",907,43,6,10,119,34,6,19,"1,089",817,57,2,6
경기,연천군,사고[건],21,1,3,-,100,28,7,-,3,6,2,2,1,114,30,10,3,1,13,9,2,-,118,30,6,6,1,1,11,3,3,1,98,36,7,2,2,13,1,5,-,113,24,4,-,3
경기,연천군,사망[명],0,1,1,-,5,1,1,-,1,0,0,0,0,0,0,1,1,0,1,0,0,-,3,1,0,0,0,0,0,1,1,0,3,1,0,2,0,1,0,0,-,1,1,2,-,0
경기,연천군,부상[명],21,0,2,-,169,62,8,-,2,6,2,2,1,204,45,19,2,1,12,10,3,-,215,54,7,6,1,1,11,2,2,1,169,71,10,0,2,13,1,5,-,171,41,2,-,3
경기,포천시,사고[건],49,5,4,5,479,137,26,1,3,40,3,6,5,384,134,23,2,4,38,4,7,4,533,192,50,8,-,2,45,12,7,2,405,146,16,-,2,36,9,1,1,352,153,11,2,2
경기,포천시,사망[명],2,1,1,0,7,1,2,0,0,2,0,2,1,9,4,4,1,1,3,1,0,0,2,1,2,0,-,0,3,0,0,0,2,3,5,-,1,1,1,0,0,1,5,5,0,1
경기,포천시,부상[명],52,4,3,5,835,286,46,1,3,42,3,5,4,669,252,31,1,3,38,4,7,5,834,368,68,9,-,3,42,13,8,2,685,311,14,-,1,38,8,2,1,597,343,15,3,1
경기,가평군,사고[건],15,1,3,3,181,55,13,6,6,19,4,4,-,120,58,15,4,3,21,7,2,1,163,66,69,10,1,2,13,15,8,5,218,74,15,3,8,20,12,7,1,208,56,15,1,4
경기,가평군,사망[명],1,0,0,0,2,0,2,1,0,0,0,0,-,2,0,1,2,0,3,0,0,0,3,1,2,0,0,0,0,0,0,0,0,1,2,0,0,0,1,0,0,2,1,4,0,0
경기,가평군,부상[명],14,1,3,4,342,118,15,5,6,19,4,4,-,207,128,15,3,4,19,7,2,1,317,142,117,13,1,3,13,16,8,5,382,156,29,5,10,22,12,8,1,366,111,24,3,5
경기,양평군,사고[건],25,8,3,11,119,125,19,3,5,11,9,3,5,152,116,18,3,6,24,5,4,8,94,95,197,23,1,8,30,11,8,6,154,92,8,3,2,18,4,6,-,158,82,8,2,3
경기,양평군,사망[명],2,0,0,0,2,2,1,0,1,0,1,0,0,1,0,5,0,0,2,2,0,0,1,3,4,4,0,2,1,3,2,0,0,3,2,1,0,2,0,0,-,0,0,2,0,0
경기,양평군,부상[명],26,9,3,13,216,230,27,3,4,11,8,3,5,262,268,16,4,6,22,6,4,8,173,198,316,28,3,8,29,9,6,6,238,195,10,4,2,17,4,6,-,276,177,7,2,3
경기,이천시,사고[건],75,21,16,5,411,216,22,1,5,57,12,9,6,487,190,23,5,8,64,12,7,1,429,208,350,25,2,13,65,7,8,3,404,180,13,2,7,49,10,10,7,397,184,26,4,4
경기,이천시,사망[명],5,0,0,0,5,10,2,0,1,4,5,0,0,5,1,3,2,0,0,1,0,0,1,5,2,2,0,0,2,0,1,0,3,4,2,1,0,3,0,0,0,6,3,7,2,1
경기,이천시,부상[명],79,22,16,5,662,428,26,2,4,59,9,9,6,795,369,26,3,11,69,11,7,1,657,415,569,31,2,13,69,7,7,3,586,365,36,1,7,50,10,10,10,612,367,26,2,3
